anno,settimana,luogo,tipo_valore,id_valore,orizzonte,valore,target
2025,44,IT,quantile,0.01,-1,7.3095,ARI
2025,44,IT,quantile,0.01,0,7.2255,ARI
2025,44,IT,quantile,0.01,1,6.9402,ARI
2025,44,IT,quantile,0.01,2,6.6903,ARI
2025,44,IT,quantile,0.01,3,6.4432,ARI
2025,44,IT,quantile,0.01,4,6.1122,ARI
2025,44,IT,quantile,0.025,-1,7.318,ARI
2025,44,IT,quantile,0.025,0,7.2365,ARI
2025,44,IT,quantile,0.025,1,7.0178,ARI
2025,44,IT,quantile,0.025,2,6.8188,ARI
2025,44,IT,quantile,0.025,3,6.5484,ARI
2025,44,IT,quantile,0.025,4,6.4061,ARI
2025,44,IT,quantile,0.05,-1,7.332,ARI
2025,44,IT,quantile,0.05,0,7.2462,ARI
2025,44,IT,quantile,0.05,1,7.0801,ARI
2025,44,IT,quantile,0.05,2,6.9277,ARI
2025,44,IT,quantile,0.05,3,6.7786,ARI
2025,44,IT,quantile,0.05,4,6.6211,ARI
2025,44,IT,quantile,0.1,-1,7.3474,ARI
2025,44,IT,quantile,0.1,0,7.2542,ARI
2025,44,IT,quantile,0.1,1,7.1142,ARI
2025,44,IT,quantile,0.1,2,6.9925,ARI
2025,44,IT,quantile,0.1,3,6.9051,ARI
2025,44,IT,quantile,0.1,4,6.8025,ARI
2025,44,IT,quantile,0.15,-1,7.355,ARI
2025,44,IT,quantile,0.15,0,7.2615,ARI
2025,44,IT,quantile,0.15,1,7.1492,ARI
2025,44,IT,quantile,0.15,2,7.0695,ARI
2025,44,IT,quantile,0.15,3,7.0313,ARI
2025,44,IT,quantile,0.15,4,6.967,ARI
2025,44,IT,quantile,0.2,-1,7.3638,ARI
2025,44,IT,quantile,0.2,0,7.2659,ARI
2025,44,IT,quantile,0.2,1,7.1775,ARI
2025,44,IT,quantile,0.2,2,7.1306,ARI
2025,44,IT,quantile,0.2,3,7.1125,ARI
2025,44,IT,quantile,0.2,4,7.1243,ARI
2025,44,IT,quantile,0.25,-1,7.3679,ARI
2025,44,IT,quantile,0.25,0,7.271,ARI
2025,44,IT,quantile,0.25,1,7.2014,ARI
2025,44,IT,quantile,0.25,2,7.192,ARI
2025,44,IT,quantile,0.25,3,7.1999,ARI
2025,44,IT,quantile,0.25,4,7.2352,ARI
2025,44,IT,quantile,0.3,-1,7.3724,ARI
2025,44,IT,quantile,0.3,0,7.2734,ARI
2025,44,IT,quantile,0.3,1,7.2309,ARI
2025,44,IT,quantile,0.3,2,7.2383,ARI
2025,44,IT,quantile,0.3,3,7.2912,ARI
2025,44,IT,quantile,0.3,4,7.3586,ARI
2025,44,IT,quantile,0.35,-1,7.3765,ARI
2025,44,IT,quantile,0.35,0,7.2775,ARI
2025,44,IT,quantile,0.35,1,7.2459,ARI
2025,44,IT,quantile,0.35,2,7.2936,ARI
2025,44,IT,quantile,0.35,3,7.3774,ARI
2025,44,IT,quantile,0.35,4,7.509,ARI
2025,44,IT,quantile,0.4,-1,7.3803,ARI
2025,44,IT,quantile,0.4,0,7.2807,ARI
2025,44,IT,quantile,0.4,1,7.2684,ARI
2025,44,IT,quantile,0.4,2,7.3493,ARI
2025,44,IT,quantile,0.4,3,7.5005,ARI
2025,44,IT,quantile,0.4,4,7.6607,ARI
2025,44,IT,quantile,0.45,-1,7.3833,ARI
2025,44,IT,quantile,0.45,0,7.2829,ARI
2025,44,IT,quantile,0.45,1,7.2876,ARI
2025,44,IT,quantile,0.45,2,7.3906,ARI
2025,44,IT,quantile,0.45,3,7.563,ARI
2025,44,IT,quantile,0.45,4,7.7644,ARI
2025,44,IT,quantile,0.5,-1,7.3857,ARI
2025,44,IT,quantile,0.5,0,7.2857,ARI
2025,44,IT,quantile,0.5,1,7.3106,ARI
2025,44,IT,quantile,0.5,2,7.4329,ARI
2025,44,IT,quantile,0.5,3,7.6488,ARI
2025,44,IT,quantile,0.5,4,7.9405,ARI
2025,44,IT,quantile,0.55,-1,7.3883,ARI
2025,44,IT,quantile,0.55,0,7.2893,ARI
2025,44,IT,quantile,0.55,1,7.3294,ARI
2025,44,IT,quantile,0.55,2,7.4809,ARI
2025,44,IT,quantile,0.55,3,7.7295,ARI
2025,44,IT,quantile,0.55,4,8.0483,ARI
2025,44,IT,quantile,0.6,-1,7.3922,ARI
2025,44,IT,quantile,0.6,0,7.2919,ARI
2025,44,IT,quantile,0.6,1,7.3495,ARI
2025,44,IT,quantile,0.6,2,7.5307,ARI
2025,44,IT,quantile,0.6,3,7.8125,ARI
2025,44,IT,quantile,0.6,4,8.1613,ARI
2025,44,IT,quantile,0.65,-1,7.3961,ARI
2025,44,IT,quantile,0.65,0,7.2957,ARI
2025,44,IT,quantile,0.65,1,7.372,ARI
2025,44,IT,quantile,0.65,2,7.571,ARI
2025,44,IT,quantile,0.65,3,7.943,ARI
2025,44,IT,quantile,0.65,4,8.3397,ARI
2025,44,IT,quantile,0.7,-1,7.3994,ARI
2025,44,IT,quantile,0.7,0,7.2988,ARI
2025,44,IT,quantile,0.7,1,7.3909,ARI
2025,44,IT,quantile,0.7,2,7.6641,ARI
2025,44,IT,quantile,0.7,3,8.0677,ARI
2025,44,IT,quantile,0.7,4,8.5156,ARI
2025,44,IT,quantile,0.75,-1,7.4044,ARI
2025,44,IT,quantile,0.75,0,7.3018,ARI
2025,44,IT,quantile,0.75,1,7.4186,ARI
2025,44,IT,quantile,0.75,2,7.72,ARI
2025,44,IT,quantile,0.75,3,8.1809,ARI
2025,44,IT,quantile,0.75,4,8.7532,ARI
2025,44,IT,quantile,0.8,-1,7.4108,ARI
2025,44,IT,quantile,0.8,0,7.3059,ARI
2025,44,IT,quantile,0.8,1,7.4568,ARI
2025,44,IT,quantile,0.8,2,7.8212,ARI
2025,44,IT,quantile,0.8,3,8.3414,ARI
2025,44,IT,quantile,0.8,4,9.0122,ARI
2025,44,IT,quantile,0.85,-1,7.4155,ARI
2025,44,IT,quantile,0.85,0,7.3122,ARI
2025,44,IT,quantile,0.85,1,7.5105,ARI
2025,44,IT,quantile,0.85,2,7.9894,ARI
2025,44,IT,quantile,0.85,3,8.5767,ARI
2025,44,IT,quantile,0.85,4,9.2545,ARI
2025,44,IT,quantile,0.9,-1,7.4257,ARI
2025,44,IT,quantile,0.9,0,7.322,ARI
2025,44,IT,quantile,0.9,1,7.5746,ARI
2025,44,IT,quantile,0.9,2,8.1203,ARI
2025,44,IT,quantile,0.9,3,8.9066,ARI
2025,44,IT,quantile,0.9,4,9.7355,ARI
2025,44,IT,quantile,0.95,-1,7.4413,ARI
2025,44,IT,quantile,0.95,0,7.3361,ARI
2025,44,IT,quantile,0.95,1,7.6662,ARI
2025,44,IT,quantile,0.95,2,8.3844,ARI
2025,44,IT,quantile,0.95,3,9.2984,ARI
2025,44,IT,quantile,0.95,4,10.3933,ARI
2025,44,IT,quantile,0.975,-1,7.4528,ARI
2025,44,IT,quantile,0.975,0,7.3437,ARI
2025,44,IT,quantile,0.975,1,7.7593,ARI
2025,44,IT,quantile,0.975,2,8.6023,ARI
2025,44,IT,quantile,0.975,3,9.7726,ARI
2025,44,IT,quantile,0.975,4,11.0907,ARI
2025,44,IT,quantile,0.99,-1,7.4631,ARI
2025,44,IT,quantile,0.99,0,7.3538,ARI
2025,44,IT,quantile,0.99,1,7.9128,ARI
2025,44,IT,quantile,0.99,2,9.1377,ARI
2025,44,IT,quantile,0.99,3,10.7963,ARI
2025,44,IT,quantile,0.99,4,12.3344,ARI
2025,44,01,quantile,0.01,-1,0.2793,ARI
2025,44,01,quantile,0.01,0,0.2998,ARI
2025,44,01,quantile,0.01,1,0.3319,ARI
2025,44,01,quantile,0.01,2,0.3641,ARI
2025,44,01,quantile,0.01,3,0.4164,ARI
2025,44,01,quantile,0.01,4,0.488,ARI
2025,44,01,quantile,0.025,-1,0.477,ARI
2025,44,01,quantile,0.025,0,0.5288,ARI
2025,44,01,quantile,0.025,1,0.6047,ARI
2025,44,01,quantile,0.025,2,0.6994,ARI
2025,44,01,quantile,0.025,3,0.8509,ARI
2025,44,01,quantile,0.025,4,0.9663,ARI
2025,44,01,quantile,0.05,-1,0.6386,ARI
2025,44,01,quantile,0.05,0,0.7926,ARI
2025,44,01,quantile,0.05,1,0.9232,ARI
2025,44,01,quantile,0.05,2,1.2238,ARI
2025,44,01,quantile,0.05,3,1.525,ARI
2025,44,01,quantile,0.05,4,1.7861,ARI
2025,44,01,quantile,0.1,-1,0.8666,ARI
2025,44,01,quantile,0.1,0,1.1391,ARI
2025,44,01,quantile,0.1,1,1.3493,ARI
2025,44,01,quantile,0.1,2,1.6558,ARI
2025,44,01,quantile,0.1,3,2.0511,ARI
2025,44,01,quantile,0.1,4,2.4691,ARI
2025,44,01,quantile,0.15,-1,1.1864,ARI
2025,44,01,quantile,0.15,0,1.4501,ARI
2025,44,01,quantile,0.15,1,1.77,ARI
2025,44,01,quantile,0.15,2,2.1113,ARI
2025,44,01,quantile,0.15,3,2.5103,ARI
2025,44,01,quantile,0.15,4,2.9175,ARI
2025,44,01,quantile,0.2,-1,1.4089,ARI
2025,44,01,quantile,0.2,0,1.7556,ARI
2025,44,01,quantile,0.2,1,2.2113,ARI
2025,44,01,quantile,0.2,2,2.7881,ARI
2025,44,01,quantile,0.2,3,3.2531,ARI
2025,44,01,quantile,0.2,4,3.7129,ARI
2025,44,01,quantile,0.25,-1,1.7521,ARI
2025,44,01,quantile,0.25,0,2.1544,ARI
2025,44,01,quantile,0.25,1,2.6294,ARI
2025,44,01,quantile,0.25,2,3.2386,ARI
2025,44,01,quantile,0.25,3,3.7197,ARI
2025,44,01,quantile,0.25,4,4.4222,ARI
2025,44,01,quantile,0.3,-1,2.1169,ARI
2025,44,01,quantile,0.3,0,2.6062,ARI
2025,44,01,quantile,0.3,1,3.0509,ARI
2025,44,01,quantile,0.3,2,3.659,ARI
2025,44,01,quantile,0.3,3,4.2102,ARI
2025,44,01,quantile,0.3,4,4.9411,ARI
2025,44,01,quantile,0.35,-1,2.373,ARI
2025,44,01,quantile,0.35,0,2.8867,ARI
2025,44,01,quantile,0.35,1,3.5747,ARI
2025,44,01,quantile,0.35,2,4.1953,ARI
2025,44,01,quantile,0.35,3,4.8655,ARI
2025,44,01,quantile,0.35,4,5.5741,ARI
2025,44,01,quantile,0.4,-1,2.6257,ARI
2025,44,01,quantile,0.4,0,3.2218,ARI
2025,44,01,quantile,0.4,1,4.0274,ARI
2025,44,01,quantile,0.4,2,4.7698,ARI
2025,44,01,quantile,0.4,3,5.4644,ARI
2025,44,01,quantile,0.4,4,6.149,ARI
2025,44,01,quantile,0.45,-1,2.9296,ARI
2025,44,01,quantile,0.45,0,3.6594,ARI
2025,44,01,quantile,0.45,1,4.3607,ARI
2025,44,01,quantile,0.45,2,5.1836,ARI
2025,44,01,quantile,0.45,3,6.0776,ARI
2025,44,01,quantile,0.45,4,6.7651,ARI
2025,44,01,quantile,0.5,-1,3.2398,ARI
2025,44,01,quantile,0.5,0,3.9866,ARI
2025,44,01,quantile,0.5,1,4.8691,ARI
2025,44,01,quantile,0.5,2,6.0053,ARI
2025,44,01,quantile,0.5,3,6.9007,ARI
2025,44,01,quantile,0.5,4,7.5466,ARI
2025,44,01,quantile,0.55,-1,3.7661,ARI
2025,44,01,quantile,0.55,0,4.4886,ARI
2025,44,01,quantile,0.55,1,5.5663,ARI
2025,44,01,quantile,0.55,2,6.5252,ARI
2025,44,01,quantile,0.55,3,7.5208,ARI
2025,44,01,quantile,0.55,4,8.4466,ARI
2025,44,01,quantile,0.6,-1,4.2424,ARI
2025,44,01,quantile,0.6,0,5.1514,ARI
2025,44,01,quantile,0.6,1,6.194,ARI
2025,44,01,quantile,0.6,2,7.3228,ARI
2025,44,01,quantile,0.6,3,8.306,ARI
2025,44,01,quantile,0.6,4,9.1511,ARI
2025,44,01,quantile,0.65,-1,4.7563,ARI
2025,44,01,quantile,0.65,0,5.8823,ARI
2025,44,01,quantile,0.65,1,7.0122,ARI
2025,44,01,quantile,0.65,2,8.0073,ARI
2025,44,01,quantile,0.65,3,9.0165,ARI
2025,44,01,quantile,0.65,4,10.0702,ARI
2025,44,01,quantile,0.7,-1,5.562,ARI
2025,44,01,quantile,0.7,0,6.5275,ARI
2025,44,01,quantile,0.7,1,7.5828,ARI
2025,44,01,quantile,0.7,2,8.8271,ARI
2025,44,01,quantile,0.7,3,9.8516,ARI
2025,44,01,quantile,0.7,4,10.7741,ARI
2025,44,01,quantile,0.75,-1,6.7756,ARI
2025,44,01,quantile,0.75,0,7.835,ARI
2025,44,01,quantile,0.75,1,8.8097,ARI
2025,44,01,quantile,0.75,2,9.515,ARI
2025,44,01,quantile,0.75,3,10.8017,ARI
2025,44,01,quantile,0.75,4,11.6224,ARI
2025,44,01,quantile,0.8,-1,7.7055,ARI
2025,44,01,quantile,0.8,0,9.4585,ARI
2025,44,01,quantile,0.8,1,9.982,ARI
2025,44,01,quantile,0.8,2,10.9897,ARI
2025,44,01,quantile,0.8,3,11.7569,ARI
2025,44,01,quantile,0.8,4,12.6464,ARI
2025,44,01,quantile,0.85,-1,10.0701,ARI
2025,44,01,quantile,0.85,0,10.9831,ARI
2025,44,01,quantile,0.85,1,11.8945,ARI
2025,44,01,quantile,0.85,2,12.4681,ARI
2025,44,01,quantile,0.85,3,13.0961,ARI
2025,44,01,quantile,0.85,4,13.8987,ARI
2025,44,01,quantile,0.9,-1,12.5103,ARI
2025,44,01,quantile,0.9,0,12.9662,ARI
2025,44,01,quantile,0.9,1,13.9254,ARI
2025,44,01,quantile,0.9,2,14.6185,ARI
2025,44,01,quantile,0.9,3,14.6903,ARI
2025,44,01,quantile,0.9,4,15.542,ARI
2025,44,01,quantile,0.95,-1,17.4883,ARI
2025,44,01,quantile,0.95,0,17.047,ARI
2025,44,01,quantile,0.95,1,16.7403,ARI
2025,44,01,quantile,0.95,2,17.1494,ARI
2025,44,01,quantile,0.95,3,17.2092,ARI
2025,44,01,quantile,0.95,4,17.9296,ARI
2025,44,01,quantile,0.975,-1,24.3244,ARI
2025,44,01,quantile,0.975,0,21.1774,ARI
2025,44,01,quantile,0.975,1,19.7892,ARI
2025,44,01,quantile,0.975,2,18.5388,ARI
2025,44,01,quantile,0.975,3,20.2753,ARI
2025,44,01,quantile,0.975,4,20.1248,ARI
2025,44,01,quantile,0.99,-1,27.5923,ARI
2025,44,01,quantile,0.99,0,23.8389,ARI
2025,44,01,quantile,0.99,1,22.6543,ARI
2025,44,01,quantile,0.99,2,21.3979,ARI
2025,44,01,quantile,0.99,3,22.3446,ARI
2025,44,01,quantile,0.99,4,23.9038,ARI
2025,44,02,quantile,0.01,-1,0.3646,ARI
2025,44,02,quantile,0.01,0,0.3848,ARI
2025,44,02,quantile,0.01,1,0.4438,ARI
2025,44,02,quantile,0.01,2,0.5509,ARI
2025,44,02,quantile,0.01,3,0.6129,ARI
2025,44,02,quantile,0.01,4,0.6102,ARI
2025,44,02,quantile,0.025,-1,0.5443,ARI
2025,44,02,quantile,0.025,0,0.7225,ARI
2025,44,02,quantile,0.025,1,0.9764,ARI
2025,44,02,quantile,0.025,2,1.1091,ARI
2025,44,02,quantile,0.025,3,1.1899,ARI
2025,44,02,quantile,0.025,4,1.3437,ARI
2025,44,02,quantile,0.05,-1,0.757,ARI
2025,44,02,quantile,0.05,0,0.9648,ARI
2025,44,02,quantile,0.05,1,1.2769,ARI
2025,44,02,quantile,0.05,2,1.5693,ARI
2025,44,02,quantile,0.05,3,1.7472,ARI
2025,44,02,quantile,0.05,4,1.9216,ARI
2025,44,02,quantile,0.1,-1,1.2543,ARI
2025,44,02,quantile,0.1,0,1.4768,ARI
2025,44,02,quantile,0.1,1,1.7534,ARI
2025,44,02,quantile,0.1,2,1.9262,ARI
2025,44,02,quantile,0.1,3,2.3407,ARI
2025,44,02,quantile,0.1,4,2.6579,ARI
2025,44,02,quantile,0.15,-1,1.4264,ARI
2025,44,02,quantile,0.15,0,1.7498,ARI
2025,44,02,quantile,0.15,1,2.0918,ARI
2025,44,02,quantile,0.15,2,2.4846,ARI
2025,44,02,quantile,0.15,3,2.9138,ARI
2025,44,02,quantile,0.15,4,3.4364,ARI
2025,44,02,quantile,0.2,-1,1.6857,ARI
2025,44,02,quantile,0.2,0,2.0254,ARI
2025,44,02,quantile,0.2,1,2.4317,ARI
2025,44,02,quantile,0.2,2,2.906,ARI
2025,44,02,quantile,0.2,3,3.6319,ARI
2025,44,02,quantile,0.2,4,4.377,ARI
2025,44,02,quantile,0.25,-1,1.8486,ARI
2025,44,02,quantile,0.25,0,2.3578,ARI
2025,44,02,quantile,0.25,1,2.9321,ARI
2025,44,02,quantile,0.25,2,3.4683,ARI
2025,44,02,quantile,0.25,3,4.0934,ARI
2025,44,02,quantile,0.25,4,4.9928,ARI
2025,44,02,quantile,0.3,-1,2.2077,ARI
2025,44,02,quantile,0.3,0,2.7944,ARI
2025,44,02,quantile,0.3,1,3.3712,ARI
2025,44,02,quantile,0.3,2,4.0627,ARI
2025,44,02,quantile,0.3,3,4.9221,ARI
2025,44,02,quantile,0.3,4,5.7542,ARI
2025,44,02,quantile,0.35,-1,2.5451,ARI
2025,44,02,quantile,0.35,0,3.0783,ARI
2025,44,02,quantile,0.35,1,3.7421,ARI
2025,44,02,quantile,0.35,2,4.5897,ARI
2025,44,02,quantile,0.35,3,5.4105,ARI
2025,44,02,quantile,0.35,4,6.2241,ARI
2025,44,02,quantile,0.4,-1,2.8971,ARI
2025,44,02,quantile,0.4,0,3.4529,ARI
2025,44,02,quantile,0.4,1,4.2007,ARI
2025,44,02,quantile,0.4,2,5.0244,ARI
2025,44,02,quantile,0.4,3,5.879,ARI
2025,44,02,quantile,0.4,4,6.853,ARI
2025,44,02,quantile,0.45,-1,3.2916,ARI
2025,44,02,quantile,0.45,0,3.9973,ARI
2025,44,02,quantile,0.45,1,4.6962,ARI
2025,44,02,quantile,0.45,2,5.5822,ARI
2025,44,02,quantile,0.45,3,6.3593,ARI
2025,44,02,quantile,0.45,4,7.3215,ARI
2025,44,02,quantile,0.5,-1,3.7167,ARI
2025,44,02,quantile,0.5,0,4.3947,ARI
2025,44,02,quantile,0.5,1,5.176,ARI
2025,44,02,quantile,0.5,2,6.1414,ARI
2025,44,02,quantile,0.5,3,7.0316,ARI
2025,44,02,quantile,0.5,4,7.8482,ARI
2025,44,02,quantile,0.55,-1,4.2092,ARI
2025,44,02,quantile,0.55,0,4.9147,ARI
2025,44,02,quantile,0.55,1,5.782,ARI
2025,44,02,quantile,0.55,2,6.7863,ARI
2025,44,02,quantile,0.55,3,7.7619,ARI
2025,44,02,quantile,0.55,4,8.5949,ARI
2025,44,02,quantile,0.6,-1,4.7818,ARI
2025,44,02,quantile,0.6,0,5.6751,ARI
2025,44,02,quantile,0.6,1,6.7138,ARI
2025,44,02,quantile,0.6,2,7.7403,ARI
2025,44,02,quantile,0.6,3,8.5822,ARI
2025,44,02,quantile,0.6,4,9.5584,ARI
2025,44,02,quantile,0.65,-1,5.5274,ARI
2025,44,02,quantile,0.65,0,6.5308,ARI
2025,44,02,quantile,0.65,1,7.635,ARI
2025,44,02,quantile,0.65,2,8.6353,ARI
2025,44,02,quantile,0.65,3,9.431,ARI
2025,44,02,quantile,0.65,4,10.3563,ARI
2025,44,02,quantile,0.7,-1,6.0737,ARI
2025,44,02,quantile,0.7,0,7.206,ARI
2025,44,02,quantile,0.7,1,8.6097,ARI
2025,44,02,quantile,0.7,2,9.6701,ARI
2025,44,02,quantile,0.7,3,10.4344,ARI
2025,44,02,quantile,0.7,4,10.9981,ARI
2025,44,02,quantile,0.75,-1,6.9674,ARI
2025,44,02,quantile,0.75,0,8.0719,ARI
2025,44,02,quantile,0.75,1,9.2694,ARI
2025,44,02,quantile,0.75,2,10.3208,ARI
2025,44,02,quantile,0.75,3,11.5649,ARI
2025,44,02,quantile,0.75,4,12.1703,ARI
2025,44,02,quantile,0.8,-1,7.7139,ARI
2025,44,02,quantile,0.8,0,8.5911,ARI
2025,44,02,quantile,0.8,1,10.3475,ARI
2025,44,02,quantile,0.8,2,11.5827,ARI
2025,44,02,quantile,0.8,3,12.851,ARI
2025,44,02,quantile,0.8,4,13.485,ARI
2025,44,02,quantile,0.85,-1,9.4757,ARI
2025,44,02,quantile,0.85,0,10.8524,ARI
2025,44,02,quantile,0.85,1,12.0047,ARI
2025,44,02,quantile,0.85,2,12.8518,ARI
2025,44,02,quantile,0.85,3,13.959,ARI
2025,44,02,quantile,0.85,4,15.169,ARI
2025,44,02,quantile,0.9,-1,11.8376,ARI
2025,44,02,quantile,0.9,0,14.2155,ARI
2025,44,02,quantile,0.9,1,15.1554,ARI
2025,44,02,quantile,0.9,2,15.7462,ARI
2025,44,02,quantile,0.9,3,16.2103,ARI
2025,44,02,quantile,0.9,4,16.5074,ARI
2025,44,02,quantile,0.95,-1,18.2607,ARI
2025,44,02,quantile,0.95,0,18.0567,ARI
2025,44,02,quantile,0.95,1,18.8737,ARI
2025,44,02,quantile,0.95,2,18.664,ARI
2025,44,02,quantile,0.95,3,18.9947,ARI
2025,44,02,quantile,0.95,4,18.9115,ARI
2025,44,02,quantile,0.975,-1,20.8839,ARI
2025,44,02,quantile,0.975,0,21.5928,ARI
2025,44,02,quantile,0.975,1,22.8831,ARI
2025,44,02,quantile,0.975,2,22.4158,ARI
2025,44,02,quantile,0.975,3,20.533,ARI
2025,44,02,quantile,0.975,4,20.7979,ARI
2025,44,02,quantile,0.99,-1,28.2804,ARI
2025,44,02,quantile,0.99,0,26.0382,ARI
2025,44,02,quantile,0.99,1,24.1118,ARI
2025,44,02,quantile,0.99,2,25.2134,ARI
2025,44,02,quantile,0.99,3,25.2467,ARI
2025,44,02,quantile,0.99,4,24.3217,ARI
2025,44,03,quantile,0.01,-1,0.302,ARI
2025,44,03,quantile,0.01,0,0.3761,ARI
2025,44,03,quantile,0.01,1,0.4963,ARI
2025,44,03,quantile,0.01,2,0.4522,ARI
2025,44,03,quantile,0.01,3,0.5381,ARI
2025,44,03,quantile,0.01,4,0.6504,ARI
2025,44,03,quantile,0.025,-1,0.5378,ARI
2025,44,03,quantile,0.025,0,0.6927,ARI
2025,44,03,quantile,0.025,1,0.7501,ARI
2025,44,03,quantile,0.025,2,0.7345,ARI
2025,44,03,quantile,0.025,3,0.805,ARI
2025,44,03,quantile,0.025,4,0.8202,ARI
2025,44,03,quantile,0.05,-1,0.6746,ARI
2025,44,03,quantile,0.05,0,0.8438,ARI
2025,44,03,quantile,0.05,1,1.0225,ARI
2025,44,03,quantile,0.05,2,1.1417,ARI
2025,44,03,quantile,0.05,3,1.3968,ARI
2025,44,03,quantile,0.05,4,1.5683,ARI
2025,44,03,quantile,0.1,-1,1.0468,ARI
2025,44,03,quantile,0.1,0,1.221,ARI
2025,44,03,quantile,0.1,1,1.537,ARI
2025,44,03,quantile,0.1,2,1.8081,ARI
2025,44,03,quantile,0.1,3,2.2177,ARI
2025,44,03,quantile,0.1,4,2.6315,ARI
2025,44,03,quantile,0.15,-1,1.2767,ARI
2025,44,03,quantile,0.15,0,1.5844,ARI
2025,44,03,quantile,0.15,1,1.862,ARI
2025,44,03,quantile,0.15,2,2.3115,ARI
2025,44,03,quantile,0.15,3,2.7567,ARI
2025,44,03,quantile,0.15,4,3.2152,ARI
2025,44,03,quantile,0.2,-1,1.5415,ARI
2025,44,03,quantile,0.2,0,2.0028,ARI
2025,44,03,quantile,0.2,1,2.3247,ARI
2025,44,03,quantile,0.2,2,2.6557,ARI
2025,44,03,quantile,0.2,3,3.3075,ARI
2025,44,03,quantile,0.2,4,3.8749,ARI
2025,44,03,quantile,0.25,-1,1.8374,ARI
2025,44,03,quantile,0.25,0,2.282,ARI
2025,44,03,quantile,0.25,1,2.8578,ARI
2025,44,03,quantile,0.25,2,3.5491,ARI
2025,44,03,quantile,0.25,3,4.1362,ARI
2025,44,03,quantile,0.25,4,4.6459,ARI
2025,44,03,quantile,0.3,-1,2.12,ARI
2025,44,03,quantile,0.3,0,2.5525,ARI
2025,44,03,quantile,0.3,1,3.2719,ARI
2025,44,03,quantile,0.3,2,3.9212,ARI
2025,44,03,quantile,0.3,3,4.6447,ARI
2025,44,03,quantile,0.3,4,5.3626,ARI
2025,44,03,quantile,0.35,-1,2.4894,ARI
2025,44,03,quantile,0.35,0,3.1164,ARI
2025,44,03,quantile,0.35,1,3.9535,ARI
2025,44,03,quantile,0.35,2,4.707,ARI
2025,44,03,quantile,0.35,3,5.3847,ARI
2025,44,03,quantile,0.35,4,5.9906,ARI
2025,44,03,quantile,0.4,-1,2.8779,ARI
2025,44,03,quantile,0.4,0,3.5665,ARI
2025,44,03,quantile,0.4,1,4.365,ARI
2025,44,03,quantile,0.4,2,5.3187,ARI
2025,44,03,quantile,0.4,3,6.182,ARI
2025,44,03,quantile,0.4,4,6.7401,ARI
2025,44,03,quantile,0.45,-1,3.2559,ARI
2025,44,03,quantile,0.45,0,3.9625,ARI
2025,44,03,quantile,0.45,1,4.7895,ARI
2025,44,03,quantile,0.45,2,5.8707,ARI
2025,44,03,quantile,0.45,3,6.8006,ARI
2025,44,03,quantile,0.45,4,7.6078,ARI
2025,44,03,quantile,0.5,-1,3.5728,ARI
2025,44,03,quantile,0.5,0,4.57,ARI
2025,44,03,quantile,0.5,1,5.505,ARI
2025,44,03,quantile,0.5,2,6.5859,ARI
2025,44,03,quantile,0.5,3,7.4114,ARI
2025,44,03,quantile,0.5,4,8.299,ARI
2025,44,03,quantile,0.55,-1,4.1962,ARI
2025,44,03,quantile,0.55,0,5.1044,ARI
2025,44,03,quantile,0.55,1,6.1757,ARI
2025,44,03,quantile,0.55,2,7.1651,ARI
2025,44,03,quantile,0.55,3,8.2601,ARI
2025,44,03,quantile,0.55,4,9.0865,ARI
2025,44,03,quantile,0.6,-1,4.8277,ARI
2025,44,03,quantile,0.6,0,5.785,ARI
2025,44,03,quantile,0.6,1,6.9451,ARI
2025,44,03,quantile,0.6,2,8.0809,ARI
2025,44,03,quantile,0.6,3,8.938,ARI
2025,44,03,quantile,0.6,4,9.731,ARI
2025,44,03,quantile,0.65,-1,5.3746,ARI
2025,44,03,quantile,0.65,0,6.458,ARI
2025,44,03,quantile,0.65,1,7.6116,ARI
2025,44,03,quantile,0.65,2,8.8378,ARI
2025,44,03,quantile,0.65,3,9.6493,ARI
2025,44,03,quantile,0.65,4,10.619,ARI
2025,44,03,quantile,0.7,-1,6.0242,ARI
2025,44,03,quantile,0.7,0,7.1073,ARI
2025,44,03,quantile,0.7,1,8.2538,ARI
2025,44,03,quantile,0.7,2,9.5027,ARI
2025,44,03,quantile,0.7,3,10.3912,ARI
2025,44,03,quantile,0.7,4,11.2812,ARI
2025,44,03,quantile,0.75,-1,6.924,ARI
2025,44,03,quantile,0.75,0,8.0225,ARI
2025,44,03,quantile,0.75,1,9.3913,ARI
2025,44,03,quantile,0.75,2,10.3629,ARI
2025,44,03,quantile,0.75,3,11.3999,ARI
2025,44,03,quantile,0.75,4,12.1546,ARI
2025,44,03,quantile,0.8,-1,8.6614,ARI
2025,44,03,quantile,0.8,0,9.7659,ARI
2025,44,03,quantile,0.8,1,10.9304,ARI
2025,44,03,quantile,0.8,2,11.5753,ARI
2025,44,03,quantile,0.8,3,12.336,ARI
2025,44,03,quantile,0.8,4,13.0961,ARI
2025,44,03,quantile,0.85,-1,11.1122,ARI
2025,44,03,quantile,0.85,0,12.0073,ARI
2025,44,03,quantile,0.85,1,12.3148,ARI
2025,44,03,quantile,0.85,2,12.5776,ARI
2025,44,03,quantile,0.85,3,13.3299,ARI
2025,44,03,quantile,0.85,4,14.2371,ARI
2025,44,03,quantile,0.9,-1,13.7162,ARI
2025,44,03,quantile,0.9,0,14.7868,ARI
2025,44,03,quantile,0.9,1,14.4633,ARI
2025,44,03,quantile,0.9,2,14.8743,ARI
2025,44,03,quantile,0.9,3,15.2896,ARI
2025,44,03,quantile,0.9,4,15.5617,ARI
2025,44,03,quantile,0.95,-1,19.4851,ARI
2025,44,03,quantile,0.95,0,17.6575,ARI
2025,44,03,quantile,0.95,1,17.2015,ARI
2025,44,03,quantile,0.95,2,17.3433,ARI
2025,44,03,quantile,0.95,3,17.3173,ARI
2025,44,03,quantile,0.95,4,17.5161,ARI
2025,44,03,quantile,0.975,-1,25.1712,ARI
2025,44,03,quantile,0.975,0,19.9236,ARI
2025,44,03,quantile,0.975,1,18.3441,ARI
2025,44,03,quantile,0.975,2,18.5609,ARI
2025,44,03,quantile,0.975,3,18.9315,ARI
2025,44,03,quantile,0.975,4,19.3185,ARI
2025,44,03,quantile,0.99,-1,29.2844,ARI
2025,44,03,quantile,0.99,0,26.2129,ARI
2025,44,03,quantile,0.99,1,23.8361,ARI
2025,44,03,quantile,0.99,2,20.7831,ARI
2025,44,03,quantile,0.99,3,20.945,ARI
2025,44,03,quantile,0.99,4,21.5611,ARI
2025,44,04,quantile,0.01,-1,0.3164,ARI
2025,44,04,quantile,0.01,0,0.4023,ARI
2025,44,04,quantile,0.01,1,0.4903,ARI
2025,44,04,quantile,0.01,2,0.58,ARI
2025,44,04,quantile,0.01,3,0.7099,ARI
2025,44,04,quantile,0.01,4,0.8688,ARI
2025,44,04,quantile,0.025,-1,0.3806,ARI
2025,44,04,quantile,0.025,0,0.4719,ARI
2025,44,04,quantile,0.025,1,0.6162,ARI
2025,44,04,quantile,0.025,2,0.7642,ARI
2025,44,04,quantile,0.025,3,0.9559,ARI
2025,44,04,quantile,0.025,4,1.1097,ARI
2025,44,04,quantile,0.05,-1,0.6541,ARI
2025,44,04,quantile,0.05,0,0.762,ARI
2025,44,04,quantile,0.05,1,1.0609,ARI
2025,44,04,quantile,0.05,2,1.3019,ARI
2025,44,04,quantile,0.05,3,1.3127,ARI
2025,44,04,quantile,0.05,4,1.4944,ARI
2025,44,04,quantile,0.1,-1,1.1211,ARI
2025,44,04,quantile,0.1,0,1.3677,ARI
2025,44,04,quantile,0.1,1,1.6308,ARI
2025,44,04,quantile,0.1,2,1.8758,ARI
2025,44,04,quantile,0.1,3,2.1768,ARI
2025,44,04,quantile,0.1,4,2.517,ARI
2025,44,04,quantile,0.15,-1,1.4691,ARI
2025,44,04,quantile,0.15,0,1.7766,ARI
2025,44,04,quantile,0.15,1,2.0995,ARI
2025,44,04,quantile,0.15,2,2.5412,ARI
2025,44,04,quantile,0.15,3,2.9248,ARI
2025,44,04,quantile,0.15,4,3.4218,ARI
2025,44,04,quantile,0.2,-1,1.8633,ARI
2025,44,04,quantile,0.2,0,2.2909,ARI
2025,44,04,quantile,0.2,1,2.7138,ARI
2025,44,04,quantile,0.2,2,3.1793,ARI
2025,44,04,quantile,0.2,3,3.8331,ARI
2025,44,04,quantile,0.2,4,4.001,ARI
2025,44,04,quantile,0.25,-1,2.1942,ARI
2025,44,04,quantile,0.25,0,2.5805,ARI
2025,44,04,quantile,0.25,1,3.1802,ARI
2025,44,04,quantile,0.25,2,3.8521,ARI
2025,44,04,quantile,0.25,3,4.4494,ARI
2025,44,04,quantile,0.25,4,4.7406,ARI
2025,44,04,quantile,0.3,-1,2.4626,ARI
2025,44,04,quantile,0.3,0,2.894,ARI
2025,44,04,quantile,0.3,1,3.6041,ARI
2025,44,04,quantile,0.3,2,4.3386,ARI
2025,44,04,quantile,0.3,3,5.0523,ARI
2025,44,04,quantile,0.3,4,5.2086,ARI
2025,44,04,quantile,0.35,-1,2.7409,ARI
2025,44,04,quantile,0.35,0,3.4714,ARI
2025,44,04,quantile,0.35,1,4.2517,ARI
2025,44,04,quantile,0.35,2,4.9577,ARI
2025,44,04,quantile,0.35,3,5.5355,ARI
2025,44,04,quantile,0.35,4,5.6617,ARI
2025,44,04,quantile,0.4,-1,3.3383,ARI
2025,44,04,quantile,0.4,0,4.1361,ARI
2025,44,04,quantile,0.4,1,5.0445,ARI
2025,44,04,quantile,0.4,2,5.5303,ARI
2025,44,04,quantile,0.4,3,6.0242,ARI
2025,44,04,quantile,0.4,4,6.2845,ARI
2025,44,04,quantile,0.45,-1,3.7445,ARI
2025,44,04,quantile,0.45,0,4.61,ARI
2025,44,04,quantile,0.45,1,5.5357,ARI
2025,44,04,quantile,0.45,2,6.459,ARI
2025,44,04,quantile,0.45,3,6.6122,ARI
2025,44,04,quantile,0.45,4,6.7715,ARI
2025,44,04,quantile,0.5,-1,4.3494,ARI
2025,44,04,quantile,0.5,0,5.1522,ARI
2025,44,04,quantile,0.5,1,6.2496,ARI
2025,44,04,quantile,0.5,2,7.0541,ARI
2025,44,04,quantile,0.5,3,7.1124,ARI
2025,44,04,quantile,0.5,4,7.4368,ARI
2025,44,04,quantile,0.55,-1,5.1001,ARI
2025,44,04,quantile,0.55,0,5.9532,ARI
2025,44,04,quantile,0.55,1,6.8393,ARI
2025,44,04,quantile,0.55,2,7.6524,ARI
2025,44,04,quantile,0.55,3,7.8671,ARI
2025,44,04,quantile,0.55,4,8.1278,ARI
2025,44,04,quantile,0.6,-1,6.0051,ARI
2025,44,04,quantile,0.6,0,6.9707,ARI
2025,44,04,quantile,0.6,1,7.7273,ARI
2025,44,04,quantile,0.6,2,8.3578,ARI
2025,44,04,quantile,0.6,3,8.5201,ARI
2025,44,04,quantile,0.6,4,8.77,ARI
2025,44,04,quantile,0.65,-1,6.9833,ARI
2025,44,04,quantile,0.65,0,7.8749,ARI
2025,44,04,quantile,0.65,1,8.8912,ARI
2025,44,04,quantile,0.65,2,9.0086,ARI
2025,44,04,quantile,0.65,3,9.0428,ARI
2025,44,04,quantile,0.65,4,9.4358,ARI
2025,44,04,quantile,0.7,-1,8.7374,ARI
2025,44,04,quantile,0.7,0,9.5391,ARI
2025,44,04,quantile,0.7,1,9.8499,ARI
2025,44,04,quantile,0.7,2,9.9071,ARI
2025,44,04,quantile,0.7,3,9.6988,ARI
2025,44,04,quantile,0.7,4,10.1024,ARI
2025,44,04,quantile,0.75,-1,10.7297,ARI
2025,44,04,quantile,0.75,0,11.4123,ARI
2025,44,04,quantile,0.75,1,11.0463,ARI
2025,44,04,quantile,0.75,2,10.6413,ARI
2025,44,04,quantile,0.75,3,10.6676,ARI
2025,44,04,quantile,0.75,4,11.0775,ARI
2025,44,04,quantile,0.8,-1,14.1973,ARI
2025,44,04,quantile,0.8,0,13.0387,ARI
2025,44,04,quantile,0.8,1,12.4124,ARI
2025,44,04,quantile,0.8,2,11.8654,ARI
2025,44,04,quantile,0.8,3,11.4555,ARI
2025,44,04,quantile,0.8,4,12.0422,ARI
2025,44,04,quantile,0.85,-1,17.9033,ARI
2025,44,04,quantile,0.85,0,15.5776,ARI
2025,44,04,quantile,0.85,1,14.0224,ARI
2025,44,04,quantile,0.85,2,12.765,ARI
2025,44,04,quantile,0.85,3,12.7927,ARI
2025,44,04,quantile,0.85,4,13.0236,ARI
2025,44,04,quantile,0.9,-1,23.0864,ARI
2025,44,04,quantile,0.9,0,18.3816,ARI
2025,44,04,quantile,0.9,1,15.4681,ARI
2025,44,04,quantile,0.9,2,14.4395,ARI
2025,44,04,quantile,0.9,3,14.0379,ARI
2025,44,04,quantile,0.9,4,14.4256,ARI
2025,44,04,quantile,0.95,-1,27.8868,ARI
2025,44,04,quantile,0.95,0,22.2044,ARI
2025,44,04,quantile,0.95,1,18.7277,ARI
2025,44,04,quantile,0.95,2,16.5381,ARI
2025,44,04,quantile,0.95,3,16.5333,ARI
2025,44,04,quantile,0.95,4,16.6695,ARI
2025,44,04,quantile,0.975,-1,31.1639,ARI
2025,44,04,quantile,0.975,0,25.2122,ARI
2025,44,04,quantile,0.975,1,21.3378,ARI
2025,44,04,quantile,0.975,2,18.8905,ARI
2025,44,04,quantile,0.975,3,17.7625,ARI
2025,44,04,quantile,0.975,4,19.0406,ARI
2025,44,04,quantile,0.99,-1,35.2645,ARI
2025,44,04,quantile,0.99,0,28.8587,ARI
2025,44,04,quantile,0.99,1,23.8547,ARI
2025,44,04,quantile,0.99,2,20.5419,ARI
2025,44,04,quantile,0.99,3,20.4496,ARI
2025,44,04,quantile,0.99,4,20.0274,ARI
2025,44,05,quantile,0.01,-1,0.3674,ARI
2025,44,05,quantile,0.01,0,0.421,ARI
2025,44,05,quantile,0.01,1,0.4029,ARI
2025,44,05,quantile,0.01,2,0.3866,ARI
2025,44,05,quantile,0.01,3,0.4224,ARI
2025,44,05,quantile,0.01,4,0.4896,ARI
2025,44,05,quantile,0.025,-1,0.4586,ARI
2025,44,05,quantile,0.025,0,0.5271,ARI
2025,44,05,quantile,0.025,1,0.6512,ARI
2025,44,05,quantile,0.025,2,0.8523,ARI
2025,44,05,quantile,0.025,3,0.7393,ARI
2025,44,05,quantile,0.025,4,0.6847,ARI
2025,44,05,quantile,0.05,-1,0.69,ARI
2025,44,05,quantile,0.05,0,0.8213,ARI
2025,44,05,quantile,0.05,1,1.015,ARI
2025,44,05,quantile,0.05,2,1.2242,ARI
2025,44,05,quantile,0.05,3,1.3913,ARI
2025,44,05,quantile,0.05,4,1.3942,ARI
2025,44,05,quantile,0.1,-1,0.9596,ARI
2025,44,05,quantile,0.1,0,1.2169,ARI
2025,44,05,quantile,0.1,1,1.4953,ARI
2025,44,05,quantile,0.1,2,1.8707,ARI
2025,44,05,quantile,0.1,3,2.08,ARI
2025,44,05,quantile,0.1,4,2.2252,ARI
2025,44,05,quantile,0.15,-1,1.4336,ARI
2025,44,05,quantile,0.15,0,1.6913,ARI
2025,44,05,quantile,0.15,1,1.9458,ARI
2025,44,05,quantile,0.15,2,2.2569,ARI
2025,44,05,quantile,0.15,3,2.4971,ARI
2025,44,05,quantile,0.15,4,2.9361,ARI
2025,44,05,quantile,0.2,-1,1.824,ARI
2025,44,05,quantile,0.2,0,2.205,ARI
2025,44,05,quantile,0.2,1,2.5365,ARI
2025,44,05,quantile,0.2,2,2.8705,ARI
2025,44,05,quantile,0.2,3,3.3472,ARI
2025,44,05,quantile,0.2,4,3.5306,ARI
2025,44,05,quantile,0.25,-1,2.0832,ARI
2025,44,05,quantile,0.25,0,2.5312,ARI
2025,44,05,quantile,0.25,1,3.0472,ARI
2025,44,05,quantile,0.25,2,3.4446,ARI
2025,44,05,quantile,0.25,3,4.0018,ARI
2025,44,05,quantile,0.25,4,4.3262,ARI
2025,44,05,quantile,0.3,-1,2.3016,ARI
2025,44,05,quantile,0.3,0,2.9311,ARI
2025,44,05,quantile,0.3,1,3.5314,ARI
2025,44,05,quantile,0.3,2,4.0937,ARI
2025,44,05,quantile,0.3,3,4.6632,ARI
2025,44,05,quantile,0.3,4,5.04,ARI
2025,44,05,quantile,0.35,-1,2.7368,ARI
2025,44,05,quantile,0.35,0,3.2906,ARI
2025,44,05,quantile,0.35,1,3.8717,ARI
2025,44,05,quantile,0.35,2,4.5383,ARI
2025,44,05,quantile,0.35,3,5.1691,ARI
2025,44,05,quantile,0.35,4,5.7656,ARI
2025,44,05,quantile,0.4,-1,3.0814,ARI
2025,44,05,quantile,0.4,0,3.9245,ARI
2025,44,05,quantile,0.4,1,4.4335,ARI
2025,44,05,quantile,0.4,2,5.1558,ARI
2025,44,05,quantile,0.4,3,5.757,ARI
2025,44,05,quantile,0.4,4,6.149,ARI
2025,44,05,quantile,0.45,-1,3.5512,ARI
2025,44,05,quantile,0.45,0,4.2352,ARI
2025,44,05,quantile,0.45,1,4.8169,ARI
2025,44,05,quantile,0.45,2,5.6433,ARI
2025,44,05,quantile,0.45,3,6.2457,ARI
2025,44,05,quantile,0.45,4,6.769,ARI
2025,44,05,quantile,0.5,-1,4.008,ARI
2025,44,05,quantile,0.5,0,4.7071,ARI
2025,44,05,quantile,0.5,1,5.5419,ARI
2025,44,05,quantile,0.5,2,6.2379,ARI
2025,44,05,quantile,0.5,3,6.7724,ARI
2025,44,05,quantile,0.5,4,7.4216,ARI
2025,44,05,quantile,0.55,-1,4.5342,ARI
2025,44,05,quantile,0.55,0,5.1745,ARI
2025,44,05,quantile,0.55,1,6.1681,ARI
2025,44,05,quantile,0.55,2,6.9465,ARI
2025,44,05,quantile,0.55,3,7.559,ARI
2025,44,05,quantile,0.55,4,7.8859,ARI
2025,44,05,quantile,0.6,-1,5.2337,ARI
2025,44,05,quantile,0.6,0,6.131,ARI
2025,44,05,quantile,0.6,1,6.9427,ARI
2025,44,05,quantile,0.6,2,7.6305,ARI
2025,44,05,quantile,0.6,3,8.1924,ARI
2025,44,05,quantile,0.6,4,8.5771,ARI
2025,44,05,quantile,0.65,-1,6.029,ARI
2025,44,05,quantile,0.65,0,6.9131,ARI
2025,44,05,quantile,0.65,1,7.7938,ARI
2025,44,05,quantile,0.65,2,8.3581,ARI
2025,44,05,quantile,0.65,3,9.0571,ARI
2025,44,05,quantile,0.65,4,9.3043,ARI
2025,44,05,quantile,0.7,-1,7.0223,ARI
2025,44,05,quantile,0.7,0,8.0782,ARI
2025,44,05,quantile,0.7,1,8.5724,ARI
2025,44,05,quantile,0.7,2,9.2693,ARI
2025,44,05,quantile,0.7,3,9.7438,ARI
2025,44,05,quantile,0.7,4,10.2945,ARI
2025,44,05,quantile,0.75,-1,8.6518,ARI
2025,44,05,quantile,0.75,0,9.3483,ARI
2025,44,05,quantile,0.75,1,9.862,ARI
2025,44,05,quantile,0.75,2,10.3398,ARI
2025,44,05,quantile,0.75,3,10.7796,ARI
2025,44,05,quantile,0.75,4,11.1908,ARI
2025,44,05,quantile,0.8,-1,10.6223,ARI
2025,44,05,quantile,0.8,0,11.4593,ARI
2025,44,05,quantile,0.8,1,11.3157,ARI
2025,44,05,quantile,0.8,2,11.5737,ARI
2025,44,05,quantile,0.8,3,11.7334,ARI
2025,44,05,quantile,0.8,4,11.861,ARI
2025,44,05,quantile,0.85,-1,15.0093,ARI
2025,44,05,quantile,0.85,0,13.3835,ARI
2025,44,05,quantile,0.85,1,13.2457,ARI
2025,44,05,quantile,0.85,2,12.8089,ARI
2025,44,05,quantile,0.85,3,12.6421,ARI
2025,44,05,quantile,0.85,4,12.9468,ARI
2025,44,05,quantile,0.9,-1,18.8129,ARI
2025,44,05,quantile,0.9,0,17.2518,ARI
2025,44,05,quantile,0.9,1,15.2735,ARI
2025,44,05,quantile,0.9,2,14.3701,ARI
2025,44,05,quantile,0.9,3,14.1453,ARI
2025,44,05,quantile,0.9,4,15.1121,ARI
2025,44,05,quantile,0.95,-1,24.3433,ARI
2025,44,05,quantile,0.95,0,20.82,ARI
2025,44,05,quantile,0.95,1,18.2765,ARI
2025,44,05,quantile,0.95,2,17.3666,ARI
2025,44,05,quantile,0.95,3,17.0262,ARI
2025,44,05,quantile,0.95,4,17.2221,ARI
2025,44,05,quantile,0.975,-1,28.0702,ARI
2025,44,05,quantile,0.975,0,22.4428,ARI
2025,44,05,quantile,0.975,1,19.8195,ARI
2025,44,05,quantile,0.975,2,19.27,ARI
2025,44,05,quantile,0.975,3,19.2057,ARI
2025,44,05,quantile,0.975,4,19.3768,ARI
2025,44,05,quantile,0.99,-1,30.9244,ARI
2025,44,05,quantile,0.99,0,26.5983,ARI
2025,44,05,quantile,0.99,1,23.5295,ARI
2025,44,05,quantile,0.99,2,20.5307,ARI
2025,44,05,quantile,0.99,3,21.2393,ARI
2025,44,05,quantile,0.99,4,21.2586,ARI
2025,44,06,quantile,0.01,-1,0.1672,ARI
2025,44,06,quantile,0.01,0,0.1657,ARI
2025,44,06,quantile,0.01,1,0.173,ARI
2025,44,06,quantile,0.01,2,0.1984,ARI
2025,44,06,quantile,0.01,3,0.2208,ARI
2025,44,06,quantile,0.01,4,0.2464,ARI
2025,44,06,quantile,0.025,-1,0.2968,ARI
2025,44,06,quantile,0.025,0,0.3985,ARI
2025,44,06,quantile,0.025,1,0.4646,ARI
2025,44,06,quantile,0.025,2,0.5501,ARI
2025,44,06,quantile,0.025,3,0.6644,ARI
2025,44,06,quantile,0.025,4,0.7377,ARI
2025,44,06,quantile,0.05,-1,0.4981,ARI
2025,44,06,quantile,0.05,0,0.6312,ARI
2025,44,06,quantile,0.05,1,0.7772,ARI
2025,44,06,quantile,0.05,2,0.9382,ARI
2025,44,06,quantile,0.05,3,1.1266,ARI
2025,44,06,quantile,0.05,4,1.357,ARI
2025,44,06,quantile,0.1,-1,0.8675,ARI
2025,44,06,quantile,0.1,0,1.0802,ARI
2025,44,06,quantile,0.1,1,1.3294,ARI
2025,44,06,quantile,0.1,2,1.5503,ARI
2025,44,06,quantile,0.1,3,1.7838,ARI
2025,44,06,quantile,0.1,4,2.0119,ARI
2025,44,06,quantile,0.15,-1,1.0888,ARI
2025,44,06,quantile,0.15,0,1.4129,ARI
2025,44,06,quantile,0.15,1,1.7596,ARI
2025,44,06,quantile,0.15,2,2.166,ARI
2025,44,06,quantile,0.15,3,2.6229,ARI
2025,44,06,quantile,0.15,4,2.9937,ARI
2025,44,06,quantile,0.2,-1,1.2577,ARI
2025,44,06,quantile,0.2,0,1.6784,ARI
2025,44,06,quantile,0.2,1,2.1865,ARI
2025,44,06,quantile,0.2,2,2.7095,ARI
2025,44,06,quantile,0.2,3,3.2506,ARI
2025,44,06,quantile,0.2,4,3.6676,ARI
2025,44,06,quantile,0.25,-1,1.7097,ARI
2025,44,06,quantile,0.25,0,2.0551,ARI
2025,44,06,quantile,0.25,1,2.6173,ARI
2025,44,06,quantile,0.25,2,3.238,ARI
2025,44,06,quantile,0.25,3,3.9175,ARI
2025,44,06,quantile,0.25,4,4.4819,ARI
2025,44,06,quantile,0.3,-1,2.163,ARI
2025,44,06,quantile,0.3,0,2.4718,ARI
2025,44,06,quantile,0.3,1,3.0428,ARI
2025,44,06,quantile,0.3,2,3.704,ARI
2025,44,06,quantile,0.3,3,4.3618,ARI
2025,44,06,quantile,0.3,4,5.1031,ARI
2025,44,06,quantile,0.35,-1,2.3706,ARI
2025,44,06,quantile,0.35,0,2.9632,ARI
2025,44,06,quantile,0.35,1,3.57,ARI
2025,44,06,quantile,0.35,2,4.1658,ARI
2025,44,06,quantile,0.35,3,4.9882,ARI
2025,44,06,quantile,0.35,4,5.7576,ARI
2025,44,06,quantile,0.4,-1,2.8277,ARI
2025,44,06,quantile,0.4,0,3.2772,ARI
2025,44,06,quantile,0.4,1,4.0457,ARI
2025,44,06,quantile,0.4,2,4.7278,ARI
2025,44,06,quantile,0.4,3,5.562,ARI
2025,44,06,quantile,0.4,4,6.4575,ARI
2025,44,06,quantile,0.45,-1,3.0427,ARI
2025,44,06,quantile,0.45,0,3.7167,ARI
2025,44,06,quantile,0.45,1,4.5085,ARI
2025,44,06,quantile,0.45,2,5.2875,ARI
2025,44,06,quantile,0.45,3,6.0567,ARI
2025,44,06,quantile,0.45,4,6.9502,ARI
2025,44,06,quantile,0.5,-1,3.4168,ARI
2025,44,06,quantile,0.5,0,4.1315,ARI
2025,44,06,quantile,0.5,1,4.9232,ARI
2025,44,06,quantile,0.5,2,5.8221,ARI
2025,44,06,quantile,0.5,3,6.6159,ARI
2025,44,06,quantile,0.5,4,7.5851,ARI
2025,44,06,quantile,0.55,-1,4.0363,ARI
2025,44,06,quantile,0.55,0,4.8391,ARI
2025,44,06,quantile,0.55,1,5.699,ARI
2025,44,06,quantile,0.55,2,6.6638,ARI
2025,44,06,quantile,0.55,3,7.4308,ARI
2025,44,06,quantile,0.55,4,8.4171,ARI
2025,44,06,quantile,0.6,-1,4.582,ARI
2025,44,06,quantile,0.6,0,5.5262,ARI
2025,44,06,quantile,0.6,1,6.3652,ARI
2025,44,06,quantile,0.6,2,7.5154,ARI
2025,44,06,quantile,0.6,3,8.5237,ARI
2025,44,06,quantile,0.6,4,9.0077,ARI
2025,44,06,quantile,0.65,-1,5.0778,ARI
2025,44,06,quantile,0.65,0,6.214,ARI
2025,44,06,quantile,0.65,1,7.3402,ARI
2025,44,06,quantile,0.65,2,8.4349,ARI
2025,44,06,quantile,0.65,3,9.232,ARI
2025,44,06,quantile,0.65,4,9.8024,ARI
2025,44,06,quantile,0.7,-1,5.9661,ARI
2025,44,06,quantile,0.7,0,7.0156,ARI
2025,44,06,quantile,0.7,1,8.0194,ARI
2025,44,06,quantile,0.7,2,9.098,ARI
2025,44,06,quantile,0.7,3,9.8833,ARI
2025,44,06,quantile,0.7,4,10.5299,ARI
2025,44,06,quantile,0.75,-1,6.9238,ARI
2025,44,06,quantile,0.75,0,7.7457,ARI
2025,44,06,quantile,0.75,1,8.8849,ARI
2025,44,06,quantile,0.75,2,9.7727,ARI
2025,44,06,quantile,0.75,3,10.474,ARI
2025,44,06,quantile,0.75,4,11.5104,ARI
2025,44,06,quantile,0.8,-1,8.0444,ARI
2025,44,06,quantile,0.8,0,8.8471,ARI
2025,44,06,quantile,0.8,1,9.8499,ARI
2025,44,06,quantile,0.8,2,10.8262,ARI
2025,44,06,quantile,0.8,3,11.6503,ARI
2025,44,06,quantile,0.8,4,12.3534,ARI
2025,44,06,quantile,0.85,-1,9.5508,ARI
2025,44,06,quantile,0.85,0,11.331,ARI
2025,44,06,quantile,0.85,1,11.228,ARI
2025,44,06,quantile,0.85,2,12.4012,ARI
2025,44,06,quantile,0.85,3,13.1124,ARI
2025,44,06,quantile,0.85,4,14.0229,ARI
2025,44,06,quantile,0.9,-1,12.2327,ARI
2025,44,06,quantile,0.9,0,13.2853,ARI
2025,44,06,quantile,0.9,1,13.916,ARI
2025,44,06,quantile,0.9,2,13.866,ARI
2025,44,06,quantile,0.9,3,14.8255,ARI
2025,44,06,quantile,0.9,4,15.7588,ARI
2025,44,06,quantile,0.95,-1,16.9799,ARI
2025,44,06,quantile,0.95,0,17.066,ARI
2025,44,06,quantile,0.95,1,16.995,ARI
2025,44,06,quantile,0.95,2,17.4767,ARI
2025,44,06,quantile,0.95,3,18.0555,ARI
2025,44,06,quantile,0.95,4,18.3059,ARI
2025,44,06,quantile,0.975,-1,21.8256,ARI
2025,44,06,quantile,0.975,0,18.5149,ARI
2025,44,06,quantile,0.975,1,18.432,ARI
2025,44,06,quantile,0.975,2,19.5157,ARI
2025,44,06,quantile,0.975,3,19.5445,ARI
2025,44,06,quantile,0.975,4,19.8315,ARI
2025,44,06,quantile,0.99,-1,26.9104,ARI
2025,44,06,quantile,0.99,0,23.3704,ARI
2025,44,06,quantile,0.99,1,21.7656,ARI
2025,44,06,quantile,0.99,2,24.5482,ARI
2025,44,06,quantile,0.99,3,24.5368,ARI
2025,44,06,quantile,0.99,4,24.2834,ARI
2025,44,07,quantile,0.01,-1,0.2828,ARI
2025,44,07,quantile,0.01,0,0.3714,ARI
2025,44,07,quantile,0.01,1,0.4664,ARI
2025,44,07,quantile,0.01,2,0.5693,ARI
2025,44,07,quantile,0.01,3,0.5954,ARI
2025,44,07,quantile,0.01,4,0.6489,ARI
2025,44,07,quantile,0.025,-1,0.4109,ARI
2025,44,07,quantile,0.025,0,0.5535,ARI
2025,44,07,quantile,0.025,1,0.6607,ARI
2025,44,07,quantile,0.025,2,0.8324,ARI
2025,44,07,quantile,0.025,3,1.0023,ARI
2025,44,07,quantile,0.025,4,1.0835,ARI
2025,44,07,quantile,0.05,-1,0.575,ARI
2025,44,07,quantile,0.05,0,0.7311,ARI
2025,44,07,quantile,0.05,1,0.8791,ARI
2025,44,07,quantile,0.05,2,1.0612,ARI
2025,44,07,quantile,0.05,3,1.3277,ARI
2025,44,07,quantile,0.05,4,1.542,ARI
2025,44,07,quantile,0.1,-1,0.9559,ARI
2025,44,07,quantile,0.1,0,1.113,ARI
2025,44,07,quantile,0.1,1,1.328,ARI
2025,44,07,quantile,0.1,2,1.5902,ARI
2025,44,07,quantile,0.1,3,1.9413,ARI
2025,44,07,quantile,0.1,4,2.1852,ARI
2025,44,07,quantile,0.15,-1,1.2545,ARI
2025,44,07,quantile,0.15,0,1.5157,ARI
2025,44,07,quantile,0.15,1,1.7902,ARI
2025,44,07,quantile,0.15,2,2.1559,ARI
2025,44,07,quantile,0.15,3,2.5726,ARI
2025,44,07,quantile,0.15,4,2.7517,ARI
2025,44,07,quantile,0.2,-1,1.6241,ARI
2025,44,07,quantile,0.2,0,1.8928,ARI
2025,44,07,quantile,0.2,1,2.2699,ARI
2025,44,07,quantile,0.2,2,2.7334,ARI
2025,44,07,quantile,0.2,3,3.1967,ARI
2025,44,07,quantile,0.2,4,3.4253,ARI
2025,44,07,quantile,0.25,-1,1.9262,ARI
2025,44,07,quantile,0.25,0,2.291,ARI
2025,44,07,quantile,0.25,1,2.7305,ARI
2025,44,07,quantile,0.25,2,3.2682,ARI
2025,44,07,quantile,0.25,3,3.7483,ARI
2025,44,07,quantile,0.25,4,3.8949,ARI
2025,44,07,quantile,0.3,-1,2.2261,ARI
2025,44,07,quantile,0.3,0,2.7191,ARI
2025,44,07,quantile,0.3,1,3.4162,ARI
2025,44,07,quantile,0.3,2,3.9827,ARI
2025,44,07,quantile,0.3,3,4.3098,ARI
2025,44,07,quantile,0.3,4,4.5432,ARI
2025,44,07,quantile,0.35,-1,2.6205,ARI
2025,44,07,quantile,0.35,0,3.291,ARI
2025,44,07,quantile,0.35,1,3.8011,ARI
2025,44,07,quantile,0.35,2,4.4988,ARI
2025,44,07,quantile,0.35,3,4.8583,ARI
2025,44,07,quantile,0.35,4,4.8706,ARI
2025,44,07,quantile,0.4,-1,3.0222,ARI
2025,44,07,quantile,0.4,0,3.61,ARI
2025,44,07,quantile,0.4,1,4.3144,ARI
2025,44,07,quantile,0.4,2,4.8936,ARI
2025,44,07,quantile,0.4,3,5.3975,ARI
2025,44,07,quantile,0.4,4,5.3334,ARI
2025,44,07,quantile,0.45,-1,3.532,ARI
2025,44,07,quantile,0.45,0,4.0607,ARI
2025,44,07,quantile,0.45,1,4.8207,ARI
2025,44,07,quantile,0.45,2,5.5202,ARI
2025,44,07,quantile,0.45,3,5.7715,ARI
2025,44,07,quantile,0.45,4,5.9297,ARI
2025,44,07,quantile,0.5,-1,4.0904,ARI
2025,44,07,quantile,0.5,0,4.7369,ARI
2025,44,07,quantile,0.5,1,5.5162,ARI
2025,44,07,quantile,0.5,2,6.0498,ARI
2025,44,07,quantile,0.5,3,6.1673,ARI
2025,44,07,quantile,0.5,4,6.4608,ARI
2025,44,07,quantile,0.55,-1,4.9752,ARI
2025,44,07,quantile,0.55,0,5.4355,ARI
2025,44,07,quantile,0.55,1,6.3089,ARI
2025,44,07,quantile,0.55,2,6.7721,ARI
2025,44,07,quantile,0.55,3,6.7918,ARI
2025,44,07,quantile,0.55,4,6.9213,ARI
2025,44,07,quantile,0.6,-1,5.8874,ARI
2025,44,07,quantile,0.6,0,6.9844,ARI
2025,44,07,quantile,0.6,1,7.8435,ARI
2025,44,07,quantile,0.6,2,7.5032,ARI
2025,44,07,quantile,0.6,3,7.2673,ARI
2025,44,07,quantile,0.6,4,7.4825,ARI
2025,44,07,quantile,0.65,-1,7.5216,ARI
2025,44,07,quantile,0.65,0,8.6963,ARI
2025,44,07,quantile,0.65,1,8.8936,ARI
2025,44,07,quantile,0.65,2,8.4453,ARI
2025,44,07,quantile,0.65,3,8.1503,ARI
2025,44,07,quantile,0.65,4,7.8913,ARI
2025,44,07,quantile,0.7,-1,9.5359,ARI
2025,44,07,quantile,0.7,0,10.1268,ARI
2025,44,07,quantile,0.7,1,9.9824,ARI
2025,44,07,quantile,0.7,2,9.6511,ARI
2025,44,07,quantile,0.7,3,9.0122,ARI
2025,44,07,quantile,0.7,4,8.6768,ARI
2025,44,07,quantile,0.75,-1,12.3691,ARI
2025,44,07,quantile,0.75,0,11.8461,ARI
2025,44,07,quantile,0.75,1,11.6014,ARI
2025,44,07,quantile,0.75,2,10.6655,ARI
2025,44,07,quantile,0.75,3,9.8892,ARI
2025,44,07,quantile,0.75,4,9.7448,ARI
2025,44,07,quantile,0.8,-1,16.2765,ARI
2025,44,07,quantile,0.8,0,14.5226,ARI
2025,44,07,quantile,0.8,1,12.7751,ARI
2025,44,07,quantile,0.8,2,11.3584,ARI
2025,44,07,quantile,0.8,3,11.0105,ARI
2025,44,07,quantile,0.8,4,11.0349,ARI
2025,44,07,quantile,0.85,-1,20.4575,ARI
2025,44,07,quantile,0.85,0,16.2555,ARI
2025,44,07,quantile,0.85,1,14.0771,ARI
2025,44,07,quantile,0.85,2,12.7636,ARI
2025,44,07,quantile,0.85,3,11.9749,ARI
2025,44,07,quantile,0.85,4,12.1416,ARI
2025,44,07,quantile,0.9,-1,23.7246,ARI
2025,44,07,quantile,0.9,0,19.0044,ARI
2025,44,07,quantile,0.9,1,15.8667,ARI
2025,44,07,quantile,0.9,2,14.1321,ARI
2025,44,07,quantile,0.9,3,13.8515,ARI
2025,44,07,quantile,0.9,4,13.3742,ARI
2025,44,07,quantile,0.95,-1,28.2811,ARI
2025,44,07,quantile,0.95,0,21.8368,ARI
2025,44,07,quantile,0.95,1,17.8987,ARI
2025,44,07,quantile,0.95,2,16.2737,ARI
2025,44,07,quantile,0.95,3,16.0214,ARI
2025,44,07,quantile,0.95,4,17.0663,ARI
2025,44,07,quantile,0.975,-1,30.8435,ARI
2025,44,07,quantile,0.975,0,24.3125,ARI
2025,44,07,quantile,0.975,1,19.6324,ARI
2025,44,07,quantile,0.975,2,18.0835,ARI
2025,44,07,quantile,0.975,3,17.6131,ARI
2025,44,07,quantile,0.975,4,18.679,ARI
2025,44,07,quantile,0.99,-1,33.5499,ARI
2025,44,07,quantile,0.99,0,28.3344,ARI
2025,44,07,quantile,0.99,1,23.4555,ARI
2025,44,07,quantile,0.99,2,19.734,ARI
2025,44,07,quantile,0.99,3,21.2446,ARI
2025,44,07,quantile,0.99,4,21.2853,ARI
2025,44,08,quantile,0.01,-1,0.2206,ARI
2025,44,08,quantile,0.01,0,0.2818,ARI
2025,44,08,quantile,0.01,1,0.3804,ARI
2025,44,08,quantile,0.01,2,0.547,ARI
2025,44,08,quantile,0.01,3,0.6327,ARI
2025,44,08,quantile,0.01,4,0.6516,ARI
2025,44,08,quantile,0.025,-1,0.3537,ARI
2025,44,08,quantile,0.025,0,0.4213,ARI
2025,44,08,quantile,0.025,1,0.5775,ARI
2025,44,08,quantile,0.025,2,0.6508,ARI
2025,44,08,quantile,0.025,3,0.826,ARI
2025,44,08,quantile,0.025,4,0.93,ARI
2025,44,08,quantile,0.05,-1,0.6798,ARI
2025,44,08,quantile,0.05,0,0.7735,ARI
2025,44,08,quantile,0.05,1,0.9414,ARI
2025,44,08,quantile,0.05,2,1.2912,ARI
2025,44,08,quantile,0.05,3,1.3863,ARI
2025,44,08,quantile,0.05,4,1.6523,ARI
2025,44,08,quantile,0.1,-1,1.0914,ARI
2025,44,08,quantile,0.1,0,1.2878,ARI
2025,44,08,quantile,0.1,1,1.515,ARI
2025,44,08,quantile,0.1,2,1.7531,ARI
2025,44,08,quantile,0.1,3,2.1814,ARI
2025,44,08,quantile,0.1,4,2.466,ARI
2025,44,08,quantile,0.15,-1,1.3663,ARI
2025,44,08,quantile,0.15,0,1.7221,ARI
2025,44,08,quantile,0.15,1,2.106,ARI
2025,44,08,quantile,0.15,2,2.4095,ARI
2025,44,08,quantile,0.15,3,2.7851,ARI
2025,44,08,quantile,0.15,4,3.2342,ARI
2025,44,08,quantile,0.2,-1,1.5979,ARI
2025,44,08,quantile,0.2,0,1.9929,ARI
2025,44,08,quantile,0.2,1,2.4535,ARI
2025,44,08,quantile,0.2,2,2.8946,ARI
2025,44,08,quantile,0.2,3,3.4705,ARI
2025,44,08,quantile,0.2,4,3.8889,ARI
2025,44,08,quantile,0.25,-1,1.9091,ARI
2025,44,08,quantile,0.25,0,2.3636,ARI
2025,44,08,quantile,0.25,1,2.8492,ARI
2025,44,08,quantile,0.25,2,3.4023,ARI
2025,44,08,quantile,0.25,3,4.024,ARI
2025,44,08,quantile,0.25,4,4.5561,ARI
2025,44,08,quantile,0.3,-1,2.2111,ARI
2025,44,08,quantile,0.3,0,2.6721,ARI
2025,44,08,quantile,0.3,1,3.142,ARI
2025,44,08,quantile,0.3,2,3.9275,ARI
2025,44,08,quantile,0.3,3,4.4929,ARI
2025,44,08,quantile,0.3,4,5.0179,ARI
2025,44,08,quantile,0.35,-1,2.5025,ARI
2025,44,08,quantile,0.35,0,3.0195,ARI
2025,44,08,quantile,0.35,1,3.7128,ARI
2025,44,08,quantile,0.35,2,4.3702,ARI
2025,44,08,quantile,0.35,3,5.0453,ARI
2025,44,08,quantile,0.35,4,5.5891,ARI
2025,44,08,quantile,0.4,-1,2.9164,ARI
2025,44,08,quantile,0.4,0,3.4981,ARI
2025,44,08,quantile,0.4,1,4.1262,ARI
2025,44,08,quantile,0.4,2,4.8497,ARI
2025,44,08,quantile,0.4,3,5.7461,ARI
2025,44,08,quantile,0.4,4,6.3763,ARI
2025,44,08,quantile,0.45,-1,3.3853,ARI
2025,44,08,quantile,0.45,0,3.9768,ARI
2025,44,08,quantile,0.45,1,4.5475,ARI
2025,44,08,quantile,0.45,2,5.6462,ARI
2025,44,08,quantile,0.45,3,6.4376,ARI
2025,44,08,quantile,0.45,4,7.2157,ARI
2025,44,08,quantile,0.5,-1,3.9565,ARI
2025,44,08,quantile,0.5,0,4.7031,ARI
2025,44,08,quantile,0.5,1,5.5594,ARI
2025,44,08,quantile,0.5,2,6.2976,ARI
2025,44,08,quantile,0.5,3,6.9818,ARI
2025,44,08,quantile,0.5,4,7.8796,ARI
2025,44,08,quantile,0.55,-1,4.3761,ARI
2025,44,08,quantile,0.55,0,5.3699,ARI
2025,44,08,quantile,0.55,1,6.506,ARI
2025,44,08,quantile,0.55,2,7.0797,ARI
2025,44,08,quantile,0.55,3,7.964,ARI
2025,44,08,quantile,0.55,4,8.5722,ARI
2025,44,08,quantile,0.6,-1,4.9854,ARI
2025,44,08,quantile,0.6,0,6.1271,ARI
2025,44,08,quantile,0.6,1,7.0781,ARI
2025,44,08,quantile,0.6,2,8.0344,ARI
2025,44,08,quantile,0.6,3,8.5717,ARI
2025,44,08,quantile,0.6,4,9.1498,ARI
2025,44,08,quantile,0.65,-1,5.9762,ARI
2025,44,08,quantile,0.65,0,7.2007,ARI
2025,44,08,quantile,0.65,1,8.2588,ARI
2025,44,08,quantile,0.65,2,8.997,ARI
2025,44,08,quantile,0.65,3,9.601,ARI
2025,44,08,quantile,0.65,4,10.1211,ARI
2025,44,08,quantile,0.7,-1,6.7079,ARI
2025,44,08,quantile,0.7,0,8.132,ARI
2025,44,08,quantile,0.7,1,9.4474,ARI
2025,44,08,quantile,0.7,2,10.2137,ARI
2025,44,08,quantile,0.7,3,10.4745,ARI
2025,44,08,quantile,0.7,4,11.0338,ARI
2025,44,08,quantile,0.75,-1,7.793,ARI
2025,44,08,quantile,0.75,0,9.2574,ARI
2025,44,08,quantile,0.75,1,10.7441,ARI
2025,44,08,quantile,0.75,2,11.1572,ARI
2025,44,08,quantile,0.75,3,11.7188,ARI
2025,44,08,quantile,0.75,4,12.1366,ARI
2025,44,08,quantile,0.8,-1,9.9117,ARI
2025,44,08,quantile,0.8,0,11.0232,ARI
2025,44,08,quantile,0.8,1,11.7084,ARI
2025,44,08,quantile,0.8,2,12.552,ARI
2025,44,08,quantile,0.8,3,13.0663,ARI
2025,44,08,quantile,0.8,4,13.8667,ARI
2025,44,08,quantile,0.85,-1,11.6476,ARI
2025,44,08,quantile,0.85,0,12.3245,ARI
2025,44,08,quantile,0.85,1,12.7789,ARI
2025,44,08,quantile,0.85,2,13.5668,ARI
2025,44,08,quantile,0.85,3,14.2109,ARI
2025,44,08,quantile,0.85,4,15.1281,ARI
2025,44,08,quantile,0.9,-1,14.4753,ARI
2025,44,08,quantile,0.9,0,14.6404,ARI
2025,44,08,quantile,0.9,1,13.8363,ARI
2025,44,08,quantile,0.9,2,15.0677,ARI
2025,44,08,quantile,0.9,3,15.7111,ARI
2025,44,08,quantile,0.9,4,16.4936,ARI
2025,44,08,quantile,0.95,-1,20.5276,ARI
2025,44,08,quantile,0.95,0,18.8849,ARI
2025,44,08,quantile,0.95,1,18.1032,ARI
2025,44,08,quantile,0.95,2,17.8884,ARI
2025,44,08,quantile,0.95,3,17.7113,ARI
2025,44,08,quantile,0.95,4,17.7773,ARI
2025,44,08,quantile,0.975,-1,26.3961,ARI
2025,44,08,quantile,0.975,0,24.4157,ARI
2025,44,08,quantile,0.975,1,20.5978,ARI
2025,44,08,quantile,0.975,2,19.7005,ARI
2025,44,08,quantile,0.975,3,19.9843,ARI
2025,44,08,quantile,0.975,4,19.2489,ARI
2025,44,08,quantile,0.99,-1,29.878,ARI
2025,44,08,quantile,0.99,0,26.2433,ARI
2025,44,08,quantile,0.99,1,25.4879,ARI
2025,44,08,quantile,0.99,2,23.9018,ARI
2025,44,08,quantile,0.99,3,22.0002,ARI
2025,44,08,quantile,0.99,4,21.4042,ARI
2025,44,09,quantile,0.01,-1,0.3249,ARI
2025,44,09,quantile,0.01,0,0.4763,ARI
2025,44,09,quantile,0.01,1,0.5641,ARI
2025,44,09,quantile,0.01,2,0.6901,ARI
2025,44,09,quantile,0.01,3,0.7631,ARI
2025,44,09,quantile,0.01,4,0.8181,ARI
2025,44,09,quantile,0.025,-1,0.5025,ARI
2025,44,09,quantile,0.025,0,0.6461,ARI
2025,44,09,quantile,0.025,1,0.8516,ARI
2025,44,09,quantile,0.025,2,0.9508,ARI
2025,44,09,quantile,0.025,3,1.0791,ARI
2025,44,09,quantile,0.025,4,1.2044,ARI
2025,44,09,quantile,0.05,-1,0.6896,ARI
2025,44,09,quantile,0.05,0,0.9682,ARI
2025,44,09,quantile,0.05,1,1.1926,ARI
2025,44,09,quantile,0.05,2,1.5549,ARI
2025,44,09,quantile,0.05,3,1.79,ARI
2025,44,09,quantile,0.05,4,1.9213,ARI
2025,44,09,quantile,0.1,-1,1.0671,ARI
2025,44,09,quantile,0.1,0,1.3427,ARI
2025,44,09,quantile,0.1,1,1.7277,ARI
2025,44,09,quantile,0.1,2,2.2076,ARI
2025,44,09,quantile,0.1,3,2.591,ARI
2025,44,09,quantile,0.1,4,2.683,ARI
2025,44,09,quantile,0.15,-1,1.4247,ARI
2025,44,09,quantile,0.15,0,1.6961,ARI
2025,44,09,quantile,0.15,1,2.0737,ARI
2025,44,09,quantile,0.15,2,2.5348,ARI
2025,44,09,quantile,0.15,3,2.9961,ARI
2025,44,09,quantile,0.15,4,3.3946,ARI
2025,44,09,quantile,0.2,-1,1.7838,ARI
2025,44,09,quantile,0.2,0,2.1782,ARI
2025,44,09,quantile,0.2,1,2.523,ARI
2025,44,09,quantile,0.2,2,2.9814,ARI
2025,44,09,quantile,0.2,3,3.4773,ARI
2025,44,09,quantile,0.2,4,3.8305,ARI
2025,44,09,quantile,0.25,-1,2.1221,ARI
2025,44,09,quantile,0.25,0,2.525,ARI
2025,44,09,quantile,0.25,1,3.0913,ARI
2025,44,09,quantile,0.25,2,3.6277,ARI
2025,44,09,quantile,0.25,3,4.1572,ARI
2025,44,09,quantile,0.25,4,4.2218,ARI
2025,44,09,quantile,0.3,-1,2.8555,ARI
2025,44,09,quantile,0.3,0,3.3496,ARI
2025,44,09,quantile,0.3,1,3.8093,ARI
2025,44,09,quantile,0.3,2,4.2538,ARI
2025,44,09,quantile,0.3,3,4.5481,ARI
2025,44,09,quantile,0.3,4,4.712,ARI
2025,44,09,quantile,0.35,-1,3.2209,ARI
2025,44,09,quantile,0.35,0,3.7167,ARI
2025,44,09,quantile,0.35,1,4.1952,ARI
2025,44,09,quantile,0.35,2,4.7257,ARI
2025,44,09,quantile,0.35,3,5.2377,ARI
2025,44,09,quantile,0.35,4,5.1569,ARI
2025,44,09,quantile,0.4,-1,3.6822,ARI
2025,44,09,quantile,0.4,0,4.2701,ARI
2025,44,09,quantile,0.4,1,4.9755,ARI
2025,44,09,quantile,0.4,2,5.5996,ARI
2025,44,09,quantile,0.4,3,5.5942,ARI
2025,44,09,quantile,0.4,4,5.71,ARI
2025,44,09,quantile,0.45,-1,4.255,ARI
2025,44,09,quantile,0.45,0,4.8652,ARI
2025,44,09,quantile,0.45,1,5.6395,ARI
2025,44,09,quantile,0.45,2,6.2308,ARI
2025,44,09,quantile,0.45,3,6.24,ARI
2025,44,09,quantile,0.45,4,6.2171,ARI
2025,44,09,quantile,0.5,-1,5.5193,ARI
2025,44,09,quantile,0.5,0,5.7655,ARI
2025,44,09,quantile,0.5,1,6.3599,ARI
2025,44,09,quantile,0.5,2,6.9112,ARI
2025,44,09,quantile,0.5,3,6.9555,ARI
2025,44,09,quantile,0.5,4,6.8214,ARI
2025,44,09,quantile,0.55,-1,6.6249,ARI
2025,44,09,quantile,0.55,0,7.0832,ARI
2025,44,09,quantile,0.55,1,7.5479,ARI
2025,44,09,quantile,0.55,2,7.6862,ARI
2025,44,09,quantile,0.55,3,7.4497,ARI
2025,44,09,quantile,0.55,4,7.3019,ARI
2025,44,09,quantile,0.6,-1,8.5293,ARI
2025,44,09,quantile,0.6,0,8.9128,ARI
2025,44,09,quantile,0.6,1,9.0386,ARI
2025,44,09,quantile,0.6,2,8.4265,ARI
2025,44,09,quantile,0.6,3,7.9552,ARI
2025,44,09,quantile,0.6,4,7.9723,ARI
2025,44,09,quantile,0.65,-1,10.8362,ARI
2025,44,09,quantile,0.65,0,10.6096,ARI
2025,44,09,quantile,0.65,1,9.8567,ARI
2025,44,09,quantile,0.65,2,9.0587,ARI
2025,44,09,quantile,0.65,3,8.5298,ARI
2025,44,09,quantile,0.65,4,8.6058,ARI
2025,44,09,quantile,0.7,-1,14.2301,ARI
2025,44,09,quantile,0.7,0,12.4132,ARI
2025,44,09,quantile,0.7,1,10.7605,ARI
2025,44,09,quantile,0.7,2,9.6715,ARI
2025,44,09,quantile,0.7,3,9.2756,ARI
2025,44,09,quantile,0.7,4,9.2971,ARI
2025,44,09,quantile,0.75,-1,16.1977,ARI
2025,44,09,quantile,0.75,0,14.3718,ARI
2025,44,09,quantile,0.75,1,11.9776,ARI
2025,44,09,quantile,0.75,2,10.6595,ARI
2025,44,09,quantile,0.75,3,10.3034,ARI
2025,44,09,quantile,0.75,4,10.0259,ARI
2025,44,09,quantile,0.8,-1,17.9629,ARI
2025,44,09,quantile,0.8,0,15.6993,ARI
2025,44,09,quantile,0.8,1,13.2885,ARI
2025,44,09,quantile,0.8,2,11.3723,ARI
2025,44,09,quantile,0.8,3,11.2819,ARI
2025,44,09,quantile,0.8,4,10.9199,ARI
2025,44,09,quantile,0.85,-1,20.7463,ARI
2025,44,09,quantile,0.85,0,16.9666,ARI
2025,44,09,quantile,0.85,1,14.9666,ARI
2025,44,09,quantile,0.85,2,13.4813,ARI
2025,44,09,quantile,0.85,3,12.0109,ARI
2025,44,09,quantile,0.85,4,11.7727,ARI
2025,44,09,quantile,0.9,-1,23.5969,ARI
2025,44,09,quantile,0.9,0,19.1522,ARI
2025,44,09,quantile,0.9,1,16.242,ARI
2025,44,09,quantile,0.9,2,14.6256,ARI
2025,44,09,quantile,0.9,3,13.3343,ARI
2025,44,09,quantile,0.9,4,12.8318,ARI
2025,44,09,quantile,0.95,-1,26.4082,ARI
2025,44,09,quantile,0.95,0,22.305,ARI
2025,44,09,quantile,0.95,1,18.5499,ARI
2025,44,09,quantile,0.95,2,16.0635,ARI
2025,44,09,quantile,0.95,3,14.7309,ARI
2025,44,09,quantile,0.95,4,14.5592,ARI
2025,44,09,quantile,0.975,-1,28.3696,ARI
2025,44,09,quantile,0.975,0,23.6935,ARI
2025,44,09,quantile,0.975,1,20.3436,ARI
2025,44,09,quantile,0.975,2,18.0919,ARI
2025,44,09,quantile,0.975,3,16.4739,ARI
2025,44,09,quantile,0.975,4,16.4812,ARI
2025,44,09,quantile,0.99,-1,28.7428,ARI
2025,44,09,quantile,0.99,0,25.4568,ARI
2025,44,09,quantile,0.99,1,20.9411,ARI
2025,44,09,quantile,0.99,2,19.9774,ARI
2025,44,09,quantile,0.99,3,18.4149,ARI
2025,44,09,quantile,0.99,4,18.5094,ARI
2025,44,10,quantile,0.01,-1,0.3526,ARI
2025,44,10,quantile,0.01,0,0.4525,ARI
2025,44,10,quantile,0.01,1,0.6031,ARI
2025,44,10,quantile,0.01,2,0.7652,ARI
2025,44,10,quantile,0.01,3,0.9342,ARI
2025,44,10,quantile,0.01,4,1.1382,ARI
2025,44,10,quantile,0.025,-1,0.4449,ARI
2025,44,10,quantile,0.025,0,0.5728,ARI
2025,44,10,quantile,0.025,1,0.7107,ARI
2025,44,10,quantile,0.025,2,0.9453,ARI
2025,44,10,quantile,0.025,3,1.0841,ARI
2025,44,10,quantile,0.025,4,1.3734,ARI
2025,44,10,quantile,0.05,-1,0.6927,ARI
2025,44,10,quantile,0.05,0,0.8782,ARI
2025,44,10,quantile,0.05,1,1.0648,ARI
2025,44,10,quantile,0.05,2,1.3418,ARI
2025,44,10,quantile,0.05,3,1.589,ARI
2025,44,10,quantile,0.05,4,1.9598,ARI
2025,44,10,quantile,0.1,-1,0.998,ARI
2025,44,10,quantile,0.1,0,1.2641,ARI
2025,44,10,quantile,0.1,1,1.5626,ARI
2025,44,10,quantile,0.1,2,1.8952,ARI
2025,44,10,quantile,0.1,3,2.4075,ARI
2025,44,10,quantile,0.1,4,2.8161,ARI
2025,44,10,quantile,0.15,-1,1.2637,ARI
2025,44,10,quantile,0.15,0,1.7144,ARI
2025,44,10,quantile,0.15,1,2.0474,ARI
2025,44,10,quantile,0.15,2,2.4496,ARI
2025,44,10,quantile,0.15,3,2.8561,ARI
2025,44,10,quantile,0.15,4,3.287,ARI
2025,44,10,quantile,0.2,-1,1.5551,ARI
2025,44,10,quantile,0.2,0,1.8737,ARI
2025,44,10,quantile,0.2,1,2.3957,ARI
2025,44,10,quantile,0.2,2,2.9707,ARI
2025,44,10,quantile,0.2,3,3.3811,ARI
2025,44,10,quantile,0.2,4,3.9687,ARI
2025,44,10,quantile,0.25,-1,1.7818,ARI
2025,44,10,quantile,0.25,0,2.1369,ARI
2025,44,10,quantile,0.25,1,2.6098,ARI
2025,44,10,quantile,0.25,2,3.3849,ARI
2025,44,10,quantile,0.25,3,4.0145,ARI
2025,44,10,quantile,0.25,4,4.5631,ARI
2025,44,10,quantile,0.3,-1,2.0298,ARI
2025,44,10,quantile,0.3,0,2.5388,ARI
2025,44,10,quantile,0.3,1,3.1006,ARI
2025,44,10,quantile,0.3,2,3.6925,ARI
2025,44,10,quantile,0.3,3,4.4895,ARI
2025,44,10,quantile,0.3,4,5.1191,ARI
2025,44,10,quantile,0.35,-1,2.2549,ARI
2025,44,10,quantile,0.35,0,2.7604,ARI
2025,44,10,quantile,0.35,1,3.439,ARI
2025,44,10,quantile,0.35,2,4.076,ARI
2025,44,10,quantile,0.35,3,4.8389,ARI
2025,44,10,quantile,0.35,4,5.875,ARI
2025,44,10,quantile,0.4,-1,2.6334,ARI
2025,44,10,quantile,0.4,0,3.231,ARI
2025,44,10,quantile,0.4,1,3.7313,ARI
2025,44,10,quantile,0.4,2,4.5639,ARI
2025,44,10,quantile,0.4,3,5.4841,ARI
2025,44,10,quantile,0.4,4,6.4405,ARI
2025,44,10,quantile,0.45,-1,3.0059,ARI
2025,44,10,quantile,0.45,0,3.6871,ARI
2025,44,10,quantile,0.45,1,4.4442,ARI
2025,44,10,quantile,0.45,2,5.1104,ARI
2025,44,10,quantile,0.45,3,5.9485,ARI
2025,44,10,quantile,0.45,4,6.8817,ARI
2025,44,10,quantile,0.5,-1,3.4515,ARI
2025,44,10,quantile,0.5,0,4.0908,ARI
2025,44,10,quantile,0.5,1,4.9168,ARI
2025,44,10,quantile,0.5,2,5.8014,ARI
2025,44,10,quantile,0.5,3,6.8036,ARI
2025,44,10,quantile,0.5,4,7.6747,ARI
2025,44,10,quantile,0.55,-1,3.9548,ARI
2025,44,10,quantile,0.55,0,4.7014,ARI
2025,44,10,quantile,0.55,1,5.4111,ARI
2025,44,10,quantile,0.55,2,6.3751,ARI
2025,44,10,quantile,0.55,3,7.3926,ARI
2025,44,10,quantile,0.55,4,8.2405,ARI
2025,44,10,quantile,0.6,-1,4.3518,ARI
2025,44,10,quantile,0.6,0,5.0866,ARI
2025,44,10,quantile,0.6,1,6.1625,ARI
2025,44,10,quantile,0.6,2,7.2843,ARI
2025,44,10,quantile,0.6,3,8.1876,ARI
2025,44,10,quantile,0.6,4,8.9079,ARI
2025,44,10,quantile,0.65,-1,4.8708,ARI
2025,44,10,quantile,0.65,0,5.9787,ARI
2025,44,10,quantile,0.65,1,7.1913,ARI
2025,44,10,quantile,0.65,2,8.515,ARI
2025,44,10,quantile,0.65,3,9.1321,ARI
2025,44,10,quantile,0.65,4,9.9056,ARI
2025,44,10,quantile,0.7,-1,5.8634,ARI
2025,44,10,quantile,0.7,0,7.0465,ARI
2025,44,10,quantile,0.7,1,8.3538,ARI
2025,44,10,quantile,0.7,2,9.5056,ARI
2025,44,10,quantile,0.7,3,10.4938,ARI
2025,44,10,quantile,0.7,4,10.7779,ARI
2025,44,10,quantile,0.75,-1,7.4555,ARI
2025,44,10,quantile,0.75,0,8.6649,ARI
2025,44,10,quantile,0.75,1,9.8909,ARI
2025,44,10,quantile,0.75,2,10.8949,ARI
2025,44,10,quantile,0.75,3,11.6781,ARI
2025,44,10,quantile,0.75,4,11.4714,ARI
2025,44,10,quantile,0.8,-1,8.5778,ARI
2025,44,10,quantile,0.8,0,10.0077,ARI
2025,44,10,quantile,0.8,1,11.3515,ARI
2025,44,10,quantile,0.8,2,12.3423,ARI
2025,44,10,quantile,0.8,3,12.5833,ARI
2025,44,10,quantile,0.8,4,12.6661,ARI
2025,44,10,quantile,0.85,-1,10.4352,ARI
2025,44,10,quantile,0.85,0,11.7572,ARI
2025,44,10,quantile,0.85,1,12.6973,ARI
2025,44,10,quantile,0.85,2,13.3335,ARI
2025,44,10,quantile,0.85,3,13.9584,ARI
2025,44,10,quantile,0.85,4,14.1912,ARI
2025,44,10,quantile,0.9,-1,12.7622,ARI
2025,44,10,quantile,0.9,0,14.2804,ARI
2025,44,10,quantile,0.9,1,15.118,ARI
2025,44,10,quantile,0.9,2,14.7055,ARI
2025,44,10,quantile,0.9,3,15.2359,ARI
2025,44,10,quantile,0.9,4,15.7823,ARI
2025,44,10,quantile,0.95,-1,20.006,ARI
2025,44,10,quantile,0.95,0,19.2199,ARI
2025,44,10,quantile,0.95,1,18.6612,ARI
2025,44,10,quantile,0.95,2,17.984,ARI
2025,44,10,quantile,0.95,3,18.0141,ARI
2025,44,10,quantile,0.95,4,18.255,ARI
2025,44,10,quantile,0.975,-1,23.6392,ARI
2025,44,10,quantile,0.975,0,22.4525,ARI
2025,44,10,quantile,0.975,1,21.341,ARI
2025,44,10,quantile,0.975,2,19.9091,ARI
2025,44,10,quantile,0.975,3,20.0152,ARI
2025,44,10,quantile,0.975,4,20.0307,ARI
2025,44,10,quantile,0.99,-1,26.8632,ARI
2025,44,10,quantile,0.99,0,26.0465,ARI
2025,44,10,quantile,0.99,1,24.5816,ARI
2025,44,10,quantile,0.99,2,22.2984,ARI
2025,44,10,quantile,0.99,3,21.4228,ARI
2025,44,10,quantile,0.99,4,22.9263,ARI
2025,44,11,quantile,0.01,-1,0.3048,ARI
2025,44,11,quantile,0.01,0,0.3821,ARI
2025,44,11,quantile,0.01,1,0.4414,ARI
2025,44,11,quantile,0.01,2,0.4517,ARI
2025,44,11,quantile,0.01,3,0.4816,ARI
2025,44,11,quantile,0.01,4,0.5287,ARI
2025,44,11,quantile,0.025,-1,0.3836,ARI
2025,44,11,quantile,0.025,0,0.5042,ARI
2025,44,11,quantile,0.025,1,0.6242,ARI
2025,44,11,quantile,0.025,2,0.7776,ARI
2025,44,11,quantile,0.025,3,0.9556,ARI
2025,44,11,quantile,0.025,4,1.0901,ARI
2025,44,11,quantile,0.05,-1,0.6487,ARI
2025,44,11,quantile,0.05,0,0.8084,ARI
2025,44,11,quantile,0.05,1,0.9637,ARI
2025,44,11,quantile,0.05,2,1.0869,ARI
2025,44,11,quantile,0.05,3,1.2978,ARI
2025,44,11,quantile,0.05,4,1.4867,ARI
2025,44,11,quantile,0.1,-1,1.016,ARI
2025,44,11,quantile,0.1,0,1.2421,ARI
2025,44,11,quantile,0.1,1,1.4716,ARI
2025,44,11,quantile,0.1,2,1.7448,ARI
2025,44,11,quantile,0.1,3,2.1893,ARI
2025,44,11,quantile,0.1,4,2.7533,ARI
2025,44,11,quantile,0.15,-1,1.2536,ARI
2025,44,11,quantile,0.15,0,1.5502,ARI
2025,44,11,quantile,0.15,1,1.8821,ARI
2025,44,11,quantile,0.15,2,2.366,ARI
2025,44,11,quantile,0.15,3,2.6457,ARI
2025,44,11,quantile,0.15,4,3.2128,ARI
2025,44,11,quantile,0.2,-1,1.5229,ARI
2025,44,11,quantile,0.2,0,1.9199,ARI
2025,44,11,quantile,0.2,1,2.4608,ARI
2025,44,11,quantile,0.2,2,2.9941,ARI
2025,44,11,quantile,0.2,3,3.438,ARI
2025,44,11,quantile,0.2,4,3.9789,ARI
2025,44,11,quantile,0.25,-1,1.9311,ARI
2025,44,11,quantile,0.25,0,2.3784,ARI
2025,44,11,quantile,0.25,1,2.867,ARI
2025,44,11,quantile,0.25,2,3.4433,ARI
2025,44,11,quantile,0.25,3,4.2958,ARI
2025,44,11,quantile,0.25,4,4.8471,ARI
2025,44,11,quantile,0.3,-1,2.3892,ARI
2025,44,11,quantile,0.3,0,2.8672,ARI
2025,44,11,quantile,0.3,1,3.5333,ARI
2025,44,11,quantile,0.3,2,4.1949,ARI
2025,44,11,quantile,0.3,3,4.8205,ARI
2025,44,11,quantile,0.3,4,5.5774,ARI
2025,44,11,quantile,0.35,-1,2.8199,ARI
2025,44,11,quantile,0.35,0,3.4739,ARI
2025,44,11,quantile,0.35,1,4.2574,ARI
2025,44,11,quantile,0.35,2,4.8759,ARI
2025,44,11,quantile,0.35,3,5.3663,ARI
2025,44,11,quantile,0.35,4,5.8725,ARI
2025,44,11,quantile,0.4,-1,3.1531,ARI
2025,44,11,quantile,0.4,0,3.9197,ARI
2025,44,11,quantile,0.4,1,4.6601,ARI
2025,44,11,quantile,0.4,2,5.4143,ARI
2025,44,11,quantile,0.4,3,6.0192,ARI
2025,44,11,quantile,0.4,4,6.4624,ARI
2025,44,11,quantile,0.45,-1,3.4849,ARI
2025,44,11,quantile,0.45,0,4.3009,ARI
2025,44,11,quantile,0.45,1,5.2308,ARI
2025,44,11,quantile,0.45,2,6.0504,ARI
2025,44,11,quantile,0.45,3,6.7242,ARI
2025,44,11,quantile,0.45,4,7.1691,ARI
2025,44,11,quantile,0.5,-1,3.8037,ARI
2025,44,11,quantile,0.5,0,4.6691,ARI
2025,44,11,quantile,0.5,1,5.7873,ARI
2025,44,11,quantile,0.5,2,6.577,ARI
2025,44,11,quantile,0.5,3,7.3374,ARI
2025,44,11,quantile,0.5,4,7.9532,ARI
2025,44,11,quantile,0.55,-1,4.3384,ARI
2025,44,11,quantile,0.55,0,5.3056,ARI
2025,44,11,quantile,0.55,1,6.199,ARI
2025,44,11,quantile,0.55,2,7.2527,ARI
2025,44,11,quantile,0.55,3,8.1019,ARI
2025,44,11,quantile,0.55,4,9.1111,ARI
2025,44,11,quantile,0.6,-1,5.0042,ARI
2025,44,11,quantile,0.6,0,5.9229,ARI
2025,44,11,quantile,0.6,1,6.9324,ARI
2025,44,11,quantile,0.6,2,8.191,ARI
2025,44,11,quantile,0.6,3,9.1751,ARI
2025,44,11,quantile,0.6,4,10.102,ARI
2025,44,11,quantile,0.65,-1,5.7994,ARI
2025,44,11,quantile,0.65,0,6.8458,ARI
2025,44,11,quantile,0.65,1,7.8708,ARI
2025,44,11,quantile,0.65,2,9.3567,ARI
2025,44,11,quantile,0.65,3,10.6133,ARI
2025,44,11,quantile,0.65,4,11.0521,ARI
2025,44,11,quantile,0.7,-1,6.5986,ARI
2025,44,11,quantile,0.7,0,7.7609,ARI
2025,44,11,quantile,0.7,1,9.1021,ARI
2025,44,11,quantile,0.7,2,10.3903,ARI
2025,44,11,quantile,0.7,3,11.7043,ARI
2025,44,11,quantile,0.7,4,12.2734,ARI
2025,44,11,quantile,0.75,-1,7.4887,ARI
2025,44,11,quantile,0.75,0,8.7558,ARI
2025,44,11,quantile,0.75,1,10.0435,ARI
2025,44,11,quantile,0.75,2,11.2658,ARI
2025,44,11,quantile,0.75,3,12.4477,ARI
2025,44,11,quantile,0.75,4,13.233,ARI
2025,44,11,quantile,0.8,-1,8.4291,ARI
2025,44,11,quantile,0.8,0,10.0628,ARI
2025,44,11,quantile,0.8,1,11.2175,ARI
2025,44,11,quantile,0.8,2,12.121,ARI
2025,44,11,quantile,0.8,3,13.2454,ARI
2025,44,11,quantile,0.8,4,14.2852,ARI
2025,44,11,quantile,0.85,-1,10.2837,ARI
2025,44,11,quantile,0.85,0,11.2994,ARI
2025,44,11,quantile,0.85,1,12.9913,ARI
2025,44,11,quantile,0.85,2,14.1032,ARI
2025,44,11,quantile,0.85,3,14.5856,ARI
2025,44,11,quantile,0.85,4,14.9245,ARI
2025,44,11,quantile,0.9,-1,13.5837,ARI
2025,44,11,quantile,0.9,0,14.7126,ARI
2025,44,11,quantile,0.9,1,14.9713,ARI
2025,44,11,quantile,0.9,2,15.8391,ARI
2025,44,11,quantile,0.9,3,16.6112,ARI
2025,44,11,quantile,0.9,4,17.4634,ARI
2025,44,11,quantile,0.95,-1,18.4781,ARI
2025,44,11,quantile,0.95,0,19.0926,ARI
2025,44,11,quantile,0.95,1,19.0451,ARI
2025,44,11,quantile,0.95,2,19.2801,ARI
2025,44,11,quantile,0.95,3,18.9123,ARI
2025,44,11,quantile,0.95,4,19.1399,ARI
2025,44,11,quantile,0.975,-1,22.1217,ARI
2025,44,11,quantile,0.975,0,21.6273,ARI
2025,44,11,quantile,0.975,1,20.8738,ARI
2025,44,11,quantile,0.975,2,20.897,ARI
2025,44,11,quantile,0.975,3,20.9305,ARI
2025,44,11,quantile,0.975,4,21.0652,ARI
2025,44,11,quantile,0.99,-1,26.3008,ARI
2025,44,11,quantile,0.99,0,25.0254,ARI
2025,44,11,quantile,0.99,1,26.9118,ARI
2025,44,11,quantile,0.99,2,23.6821,ARI
2025,44,11,quantile,0.99,3,22.9075,ARI
2025,44,11,quantile,0.99,4,22.7318,ARI
2025,44,12,quantile,0.01,-1,0.2041,ARI
2025,44,12,quantile,0.01,0,0.2728,ARI
2025,44,12,quantile,0.01,1,0.3173,ARI
2025,44,12,quantile,0.01,2,0.3212,ARI
2025,44,12,quantile,0.01,3,0.4104,ARI
2025,44,12,quantile,0.01,4,0.5047,ARI
2025,44,12,quantile,0.025,-1,0.3082,ARI
2025,44,12,quantile,0.025,0,0.3345,ARI
2025,44,12,quantile,0.025,1,0.4519,ARI
2025,44,12,quantile,0.025,2,0.6059,ARI
2025,44,12,quantile,0.025,3,0.7482,ARI
2025,44,12,quantile,0.025,4,0.9109,ARI
2025,44,12,quantile,0.05,-1,0.4087,ARI
2025,44,12,quantile,0.05,0,0.5659,ARI
2025,44,12,quantile,0.05,1,0.7582,ARI
2025,44,12,quantile,0.05,2,0.9847,ARI
2025,44,12,quantile,0.05,3,1.1581,ARI
2025,44,12,quantile,0.05,4,1.3318,ARI
2025,44,12,quantile,0.1,-1,0.785,ARI
2025,44,12,quantile,0.1,0,0.9072,ARI
2025,44,12,quantile,0.1,1,1.0956,ARI
2025,44,12,quantile,0.1,2,1.3654,ARI
2025,44,12,quantile,0.1,3,1.6336,ARI
2025,44,12,quantile,0.1,4,1.9197,ARI
2025,44,12,quantile,0.15,-1,1.0312,ARI
2025,44,12,quantile,0.15,0,1.241,ARI
2025,44,12,quantile,0.15,1,1.5108,ARI
2025,44,12,quantile,0.15,2,1.8618,ARI
2025,44,12,quantile,0.15,3,2.222,ARI
2025,44,12,quantile,0.15,4,2.7941,ARI
2025,44,12,quantile,0.2,-1,1.2435,ARI
2025,44,12,quantile,0.2,0,1.5726,ARI
2025,44,12,quantile,0.2,1,1.9137,ARI
2025,44,12,quantile,0.2,2,2.3743,ARI
2025,44,12,quantile,0.2,3,2.8876,ARI
2025,44,12,quantile,0.2,4,3.3878,ARI
2025,44,12,quantile,0.25,-1,1.4767,ARI
2025,44,12,quantile,0.25,0,1.8885,ARI
2025,44,12,quantile,0.25,1,2.3453,ARI
2025,44,12,quantile,0.25,2,2.9542,ARI
2025,44,12,quantile,0.25,3,3.4115,ARI
2025,44,12,quantile,0.25,4,4.0097,ARI
2025,44,12,quantile,0.3,-1,2.0893,ARI
2025,44,12,quantile,0.3,0,2.4175,ARI
2025,44,12,quantile,0.3,1,2.8533,ARI
2025,44,12,quantile,0.3,2,3.5339,ARI
2025,44,12,quantile,0.3,3,4.0502,ARI
2025,44,12,quantile,0.3,4,4.5671,ARI
2025,44,12,quantile,0.35,-1,2.3797,ARI
2025,44,12,quantile,0.35,0,2.791,ARI
2025,44,12,quantile,0.35,1,3.2344,ARI
2025,44,12,quantile,0.35,2,3.8473,ARI
2025,44,12,quantile,0.35,3,4.4692,ARI
2025,44,12,quantile,0.35,4,5.2599,ARI
2025,44,12,quantile,0.4,-1,2.5633,ARI
2025,44,12,quantile,0.4,0,3.1564,ARI
2025,44,12,quantile,0.4,1,3.7817,ARI
2025,44,12,quantile,0.4,2,4.4486,ARI
2025,44,12,quantile,0.4,3,5.1218,ARI
2025,44,12,quantile,0.4,4,5.874,ARI
2025,44,12,quantile,0.45,-1,2.8209,ARI
2025,44,12,quantile,0.45,0,3.5409,ARI
2025,44,12,quantile,0.45,1,4.2284,ARI
2025,44,12,quantile,0.45,2,4.9382,ARI
2025,44,12,quantile,0.45,3,5.7512,ARI
2025,44,12,quantile,0.45,4,6.6457,ARI
2025,44,12,quantile,0.5,-1,3.2004,ARI
2025,44,12,quantile,0.5,0,3.9652,ARI
2025,44,12,quantile,0.5,1,4.7393,ARI
2025,44,12,quantile,0.5,2,5.4873,ARI
2025,44,12,quantile,0.5,3,6.4701,ARI
2025,44,12,quantile,0.5,4,7.5382,ARI
2025,44,12,quantile,0.55,-1,3.5959,ARI
2025,44,12,quantile,0.55,0,4.4213,ARI
2025,44,12,quantile,0.55,1,5.2271,ARI
2025,44,12,quantile,0.55,2,6.391,ARI
2025,44,12,quantile,0.55,3,7.4074,ARI
2025,44,12,quantile,0.55,4,8.3584,ARI
2025,44,12,quantile,0.6,-1,4.0232,ARI
2025,44,12,quantile,0.6,0,4.7376,ARI
2025,44,12,quantile,0.6,1,5.7763,ARI
2025,44,12,quantile,0.6,2,6.8022,ARI
2025,44,12,quantile,0.6,3,8.261,ARI
2025,44,12,quantile,0.6,4,9.2461,ARI
2025,44,12,quantile,0.65,-1,4.4228,ARI
2025,44,12,quantile,0.65,0,5.3613,ARI
2025,44,12,quantile,0.65,1,6.4397,ARI
2025,44,12,quantile,0.65,2,7.723,ARI
2025,44,12,quantile,0.65,3,9.0244,ARI
2025,44,12,quantile,0.65,4,10,ARI
2025,44,12,quantile,0.7,-1,5.1136,ARI
2025,44,12,quantile,0.7,0,6.086,ARI
2025,44,12,quantile,0.7,1,7.2772,ARI
2025,44,12,quantile,0.7,2,8.5566,ARI
2025,44,12,quantile,0.7,3,9.848,ARI
2025,44,12,quantile,0.7,4,10.9814,ARI
2025,44,12,quantile,0.75,-1,5.9244,ARI
2025,44,12,quantile,0.75,0,6.9817,ARI
2025,44,12,quantile,0.75,1,8.0713,ARI
2025,44,12,quantile,0.75,2,9.4983,ARI
2025,44,12,quantile,0.75,3,10.5795,ARI
2025,44,12,quantile,0.75,4,11.7884,ARI
2025,44,12,quantile,0.8,-1,6.8745,ARI
2025,44,12,quantile,0.8,0,8.2064,ARI
2025,44,12,quantile,0.8,1,9.1619,ARI
2025,44,12,quantile,0.8,2,10.3384,ARI
2025,44,12,quantile,0.8,3,11.6395,ARI
2025,44,12,quantile,0.8,4,12.8115,ARI
2025,44,12,quantile,0.85,-1,8.1949,ARI
2025,44,12,quantile,0.85,0,9.6722,ARI
2025,44,12,quantile,0.85,1,10.962,ARI
2025,44,12,quantile,0.85,2,12.1527,ARI
2025,44,12,quantile,0.85,3,13.0371,ARI
2025,44,12,quantile,0.85,4,13.8808,ARI
2025,44,12,quantile,0.9,-1,10.4965,ARI
2025,44,12,quantile,0.9,0,12.11,ARI
2025,44,12,quantile,0.9,1,13.047,ARI
2025,44,12,quantile,0.9,2,14.4535,ARI
2025,44,12,quantile,0.9,3,15.2821,ARI
2025,44,12,quantile,0.9,4,15.4598,ARI
2025,44,12,quantile,0.95,-1,14.2116,ARI
2025,44,12,quantile,0.95,0,15.3531,ARI
2025,44,12,quantile,0.95,1,16.7368,ARI
2025,44,12,quantile,0.95,2,17.3019,ARI
2025,44,12,quantile,0.95,3,17.5153,ARI
2025,44,12,quantile,0.95,4,18.8157,ARI
2025,44,12,quantile,0.975,-1,16.9607,ARI
2025,44,12,quantile,0.975,0,17.408,ARI
2025,44,12,quantile,0.975,1,18.6368,ARI
2025,44,12,quantile,0.975,2,20.2713,ARI
2025,44,12,quantile,0.975,3,20.9598,ARI
2025,44,12,quantile,0.975,4,21.3334,ARI
2025,44,12,quantile,0.99,-1,20.8788,ARI
2025,44,12,quantile,0.99,0,21.1314,ARI
2025,44,12,quantile,0.99,1,20.4038,ARI
2025,44,12,quantile,0.99,2,22.4165,ARI
2025,44,12,quantile,0.99,3,23.1716,ARI
2025,44,12,quantile,0.99,4,24.7355,ARI
2025,44,13,quantile,0.01,-1,0.3257,ARI
2025,44,13,quantile,0.01,0,0.3716,ARI
2025,44,13,quantile,0.01,1,0.4539,ARI
2025,44,13,quantile,0.01,2,0.5832,ARI
2025,44,13,quantile,0.01,3,0.7393,ARI
2025,44,13,quantile,0.01,4,0.8179,ARI
2025,44,13,quantile,0.025,-1,0.4079,ARI
2025,44,13,quantile,0.025,0,0.5391,ARI
2025,44,13,quantile,0.025,1,0.7251,ARI
2025,44,13,quantile,0.025,2,0.8356,ARI
2025,44,13,quantile,0.025,3,1.0325,ARI
2025,44,13,quantile,0.025,4,1.2374,ARI
2025,44,13,quantile,0.05,-1,0.6114,ARI
2025,44,13,quantile,0.05,0,0.7413,ARI
2025,44,13,quantile,0.05,1,0.8832,ARI
2025,44,13,quantile,0.05,2,1.1272,ARI
2025,44,13,quantile,0.05,3,1.3782,ARI
2025,44,13,quantile,0.05,4,1.6258,ARI
2025,44,13,quantile,0.1,-1,0.8956,ARI
2025,44,13,quantile,0.1,0,1.0588,ARI
2025,44,13,quantile,0.1,1,1.3429,ARI
2025,44,13,quantile,0.1,2,1.5193,ARI
2025,44,13,quantile,0.1,3,1.7869,ARI
2025,44,13,quantile,0.1,4,2.1245,ARI
2025,44,13,quantile,0.15,-1,1.1719,ARI
2025,44,13,quantile,0.15,0,1.3995,ARI
2025,44,13,quantile,0.15,1,1.6223,ARI
2025,44,13,quantile,0.15,2,1.9312,ARI
2025,44,13,quantile,0.15,3,2.3672,ARI
2025,44,13,quantile,0.15,4,2.6533,ARI
2025,44,13,quantile,0.2,-1,1.4328,ARI
2025,44,13,quantile,0.2,0,1.7061,ARI
2025,44,13,quantile,0.2,1,2.0803,ARI
2025,44,13,quantile,0.2,2,2.445,ARI
2025,44,13,quantile,0.2,3,2.8917,ARI
2025,44,13,quantile,0.2,4,3.4785,ARI
2025,44,13,quantile,0.25,-1,1.6966,ARI
2025,44,13,quantile,0.25,0,2.012,ARI
2025,44,13,quantile,0.25,1,2.5019,ARI
2025,44,13,quantile,0.25,2,2.8803,ARI
2025,44,13,quantile,0.25,3,3.3881,ARI
2025,44,13,quantile,0.25,4,3.9862,ARI
2025,44,13,quantile,0.3,-1,1.9704,ARI
2025,44,13,quantile,0.3,0,2.3293,ARI
2025,44,13,quantile,0.3,1,2.8444,ARI
2025,44,13,quantile,0.3,2,3.4814,ARI
2025,44,13,quantile,0.3,3,3.8833,ARI
2025,44,13,quantile,0.3,4,4.4676,ARI
2025,44,13,quantile,0.35,-1,2.3031,ARI
2025,44,13,quantile,0.35,0,2.7424,ARI
2025,44,13,quantile,0.35,1,3.3229,ARI
2025,44,13,quantile,0.35,2,3.986,ARI
2025,44,13,quantile,0.35,3,4.702,ARI
2025,44,13,quantile,0.35,4,5.2313,ARI
2025,44,13,quantile,0.4,-1,2.656,ARI
2025,44,13,quantile,0.4,0,3.2781,ARI
2025,44,13,quantile,0.4,1,3.8906,ARI
2025,44,13,quantile,0.4,2,4.4759,ARI
2025,44,13,quantile,0.4,3,5.1975,ARI
2025,44,13,quantile,0.4,4,5.9835,ARI
2025,44,13,quantile,0.45,-1,3.0253,ARI
2025,44,13,quantile,0.45,0,3.7033,ARI
2025,44,13,quantile,0.45,1,4.412,ARI
2025,44,13,quantile,0.45,2,5.1444,ARI
2025,44,13,quantile,0.45,3,5.79,ARI
2025,44,13,quantile,0.45,4,6.684,ARI
2025,44,13,quantile,0.5,-1,3.5636,ARI
2025,44,13,quantile,0.5,0,4.1685,ARI
2025,44,13,quantile,0.5,1,5.0562,ARI
2025,44,13,quantile,0.5,2,5.9393,ARI
2025,44,13,quantile,0.5,3,6.7791,ARI
2025,44,13,quantile,0.5,4,7.617,ARI
2025,44,13,quantile,0.55,-1,3.9085,ARI
2025,44,13,quantile,0.55,0,4.7093,ARI
2025,44,13,quantile,0.55,1,5.7848,ARI
2025,44,13,quantile,0.55,2,6.6166,ARI
2025,44,13,quantile,0.55,3,7.8309,ARI
2025,44,13,quantile,0.55,4,8.6607,ARI
2025,44,13,quantile,0.6,-1,4.1735,ARI
2025,44,13,quantile,0.6,0,5.1735,ARI
2025,44,13,quantile,0.6,1,6.4085,ARI
2025,44,13,quantile,0.6,2,7.5967,ARI
2025,44,13,quantile,0.6,3,8.8498,ARI
2025,44,13,quantile,0.6,4,9.7139,ARI
2025,44,13,quantile,0.65,-1,4.7767,ARI
2025,44,13,quantile,0.65,0,5.9454,ARI
2025,44,13,quantile,0.65,1,6.9021,ARI
2025,44,13,quantile,0.65,2,8.2369,ARI
2025,44,13,quantile,0.65,3,9.5133,ARI
2025,44,13,quantile,0.65,4,10.2341,ARI
2025,44,13,quantile,0.7,-1,5.4743,ARI
2025,44,13,quantile,0.7,0,6.6301,ARI
2025,44,13,quantile,0.7,1,8.0496,ARI
2025,44,13,quantile,0.7,2,9.2336,ARI
2025,44,13,quantile,0.7,3,10.3909,ARI
2025,44,13,quantile,0.7,4,11.089,ARI
2025,44,13,quantile,0.75,-1,6.6276,ARI
2025,44,13,quantile,0.75,0,7.7837,ARI
2025,44,13,quantile,0.75,1,8.9669,ARI
2025,44,13,quantile,0.75,2,10.4126,ARI
2025,44,13,quantile,0.75,3,11.2565,ARI
2025,44,13,quantile,0.75,4,11.7584,ARI
2025,44,13,quantile,0.8,-1,8.0163,ARI
2025,44,13,quantile,0.8,0,9.234,ARI
2025,44,13,quantile,0.8,1,10.4071,ARI
2025,44,13,quantile,0.8,2,11.245,ARI
2025,44,13,quantile,0.8,3,12.1717,ARI
2025,44,13,quantile,0.8,4,12.9916,ARI
2025,44,13,quantile,0.85,-1,10.7811,ARI
2025,44,13,quantile,0.85,0,11.467,ARI
2025,44,13,quantile,0.85,1,12.3016,ARI
2025,44,13,quantile,0.85,2,12.5895,ARI
2025,44,13,quantile,0.85,3,13.2898,ARI
2025,44,13,quantile,0.85,4,14.1207,ARI
2025,44,13,quantile,0.9,-1,13.2843,ARI
2025,44,13,quantile,0.9,0,14.0747,ARI
2025,44,13,quantile,0.9,1,14.4474,ARI
2025,44,13,quantile,0.9,2,15.2454,ARI
2025,44,13,quantile,0.9,3,14.7279,ARI
2025,44,13,quantile,0.9,4,15.516,ARI
2025,44,13,quantile,0.95,-1,18.155,ARI
2025,44,13,quantile,0.95,0,18.4958,ARI
2025,44,13,quantile,0.95,1,18.2693,ARI
2025,44,13,quantile,0.95,2,17.8789,ARI
2025,44,13,quantile,0.95,3,17.9412,ARI
2025,44,13,quantile,0.95,4,18.0212,ARI
2025,44,13,quantile,0.975,-1,22.4652,ARI
2025,44,13,quantile,0.975,0,22.3701,ARI
2025,44,13,quantile,0.975,1,21.0711,ARI
2025,44,13,quantile,0.975,2,20.7489,ARI
2025,44,13,quantile,0.975,3,19.6367,ARI
2025,44,13,quantile,0.975,4,19.3761,ARI
2025,44,13,quantile,0.99,-1,28.519,ARI
2025,44,13,quantile,0.99,0,24.6544,ARI
2025,44,13,quantile,0.99,1,24.1653,ARI
2025,44,13,quantile,0.99,2,23.7075,ARI
2025,44,13,quantile,0.99,3,25.2956,ARI
2025,44,13,quantile,0.99,4,24.9603,ARI
2025,44,14,quantile,0.01,-1,0.2276,ARI
2025,44,14,quantile,0.01,0,0.2633,ARI
2025,44,14,quantile,0.01,1,0.3303,ARI
2025,44,14,quantile,0.01,2,0.3445,ARI
2025,44,14,quantile,0.01,3,0.408,ARI
2025,44,14,quantile,0.01,4,0.5545,ARI
2025,44,14,quantile,0.025,-1,0.4129,ARI
2025,44,14,quantile,0.025,0,0.4393,ARI
2025,44,14,quantile,0.025,1,0.5046,ARI
2025,44,14,quantile,0.025,2,0.6409,ARI
2025,44,14,quantile,0.025,3,0.8036,ARI
2025,44,14,quantile,0.025,4,0.8555,ARI
2025,44,14,quantile,0.05,-1,0.575,ARI
2025,44,14,quantile,0.05,0,0.6838,ARI
2025,44,14,quantile,0.05,1,0.878,ARI
2025,44,14,quantile,0.05,2,0.9775,ARI
2025,44,14,quantile,0.05,3,1.067,ARI
2025,44,14,quantile,0.05,4,1.2253,ARI
2025,44,14,quantile,0.1,-1,0.8619,ARI
2025,44,14,quantile,0.1,0,1.0366,ARI
2025,44,14,quantile,0.1,1,1.2869,ARI
2025,44,14,quantile,0.1,2,1.5597,ARI
2025,44,14,quantile,0.1,3,1.7951,ARI
2025,44,14,quantile,0.1,4,2.1248,ARI
2025,44,14,quantile,0.15,-1,1.1931,ARI
2025,44,14,quantile,0.15,0,1.4244,ARI
2025,44,14,quantile,0.15,1,1.6556,ARI
2025,44,14,quantile,0.15,2,1.9588,ARI
2025,44,14,quantile,0.15,3,2.3138,ARI
2025,44,14,quantile,0.15,4,2.6297,ARI
2025,44,14,quantile,0.2,-1,1.4087,ARI
2025,44,14,quantile,0.2,0,1.7254,ARI
2025,44,14,quantile,0.2,1,2.0443,ARI
2025,44,14,quantile,0.2,2,2.3826,ARI
2025,44,14,quantile,0.2,3,2.7709,ARI
2025,44,14,quantile,0.2,4,3.2,ARI
2025,44,14,quantile,0.25,-1,1.6274,ARI
2025,44,14,quantile,0.25,0,1.9951,ARI
2025,44,14,quantile,0.25,1,2.3786,ARI
2025,44,14,quantile,0.25,2,2.7468,ARI
2025,44,14,quantile,0.25,3,3.3522,ARI
2025,44,14,quantile,0.25,4,3.6633,ARI
2025,44,14,quantile,0.3,-1,1.9272,ARI
2025,44,14,quantile,0.3,0,2.2562,ARI
2025,44,14,quantile,0.3,1,2.7529,ARI
2025,44,14,quantile,0.3,2,3.3739,ARI
2025,44,14,quantile,0.3,3,3.8428,ARI
2025,44,14,quantile,0.3,4,4.2578,ARI
2025,44,14,quantile,0.35,-1,2.3415,ARI
2025,44,14,quantile,0.35,0,2.7732,ARI
2025,44,14,quantile,0.35,1,3.2508,ARI
2025,44,14,quantile,0.35,2,3.8444,ARI
2025,44,14,quantile,0.35,3,4.3198,ARI
2025,44,14,quantile,0.35,4,4.7604,ARI
2025,44,14,quantile,0.4,-1,2.5234,ARI
2025,44,14,quantile,0.4,0,3.0501,ARI
2025,44,14,quantile,0.4,1,3.699,ARI
2025,44,14,quantile,0.4,2,4.4391,ARI
2025,44,14,quantile,0.4,3,4.9112,ARI
2025,44,14,quantile,0.4,4,5.3479,ARI
2025,44,14,quantile,0.45,-1,2.9755,ARI
2025,44,14,quantile,0.45,0,3.4554,ARI
2025,44,14,quantile,0.45,1,4.1845,ARI
2025,44,14,quantile,0.45,2,4.8662,ARI
2025,44,14,quantile,0.45,3,5.3831,ARI
2025,44,14,quantile,0.45,4,5.7433,ARI
2025,44,14,quantile,0.5,-1,3.3289,ARI
2025,44,14,quantile,0.5,0,3.9162,ARI
2025,44,14,quantile,0.5,1,4.6662,ARI
2025,44,14,quantile,0.5,2,5.379,ARI
2025,44,14,quantile,0.5,3,6.0346,ARI
2025,44,14,quantile,0.5,4,6.5142,ARI
2025,44,14,quantile,0.55,-1,3.8395,ARI
2025,44,14,quantile,0.55,0,4.4803,ARI
2025,44,14,quantile,0.55,1,5.1145,ARI
2025,44,14,quantile,0.55,2,5.8331,ARI
2025,44,14,quantile,0.55,3,6.4868,ARI
2025,44,14,quantile,0.55,4,7.2573,ARI
2025,44,14,quantile,0.6,-1,4.2242,ARI
2025,44,14,quantile,0.6,0,5.0449,ARI
2025,44,14,quantile,0.6,1,5.8607,ARI
2025,44,14,quantile,0.6,2,6.5847,ARI
2025,44,14,quantile,0.6,3,7.0997,ARI
2025,44,14,quantile,0.6,4,8.0053,ARI
2025,44,14,quantile,0.65,-1,4.8175,ARI
2025,44,14,quantile,0.65,0,5.9806,ARI
2025,44,14,quantile,0.65,1,6.8802,ARI
2025,44,14,quantile,0.65,2,7.4924,ARI
2025,44,14,quantile,0.65,3,7.9909,ARI
2025,44,14,quantile,0.65,4,8.5741,ARI
2025,44,14,quantile,0.7,-1,5.7685,ARI
2025,44,14,quantile,0.7,0,6.837,ARI
2025,44,14,quantile,0.7,1,7.8719,ARI
2025,44,14,quantile,0.7,2,8.6074,ARI
2025,44,14,quantile,0.7,3,9.045,ARI
2025,44,14,quantile,0.7,4,9.4412,ARI
2025,44,14,quantile,0.75,-1,6.6596,ARI
2025,44,14,quantile,0.75,0,7.5002,ARI
2025,44,14,quantile,0.75,1,8.7402,ARI
2025,44,14,quantile,0.75,2,9.2574,ARI
2025,44,14,quantile,0.75,3,10.0136,ARI
2025,44,14,quantile,0.75,4,10.1203,ARI
2025,44,14,quantile,0.8,-1,8.0841,ARI
2025,44,14,quantile,0.8,0,8.9365,ARI
2025,44,14,quantile,0.8,1,9.5777,ARI
2025,44,14,quantile,0.8,2,10.6614,ARI
2025,44,14,quantile,0.8,3,11.033,ARI
2025,44,14,quantile,0.8,4,11.4566,ARI
2025,44,14,quantile,0.85,-1,10.5591,ARI
2025,44,14,quantile,0.85,0,11.1156,ARI
2025,44,14,quantile,0.85,1,11.3532,ARI
2025,44,14,quantile,0.85,2,11.9926,ARI
2025,44,14,quantile,0.85,3,12.3894,ARI
2025,44,14,quantile,0.85,4,12.6847,ARI
2025,44,14,quantile,0.9,-1,15.626,ARI
2025,44,14,quantile,0.9,0,14.2788,ARI
2025,44,14,quantile,0.9,1,13.9745,ARI
2025,44,14,quantile,0.9,2,13.2126,ARI
2025,44,14,quantile,0.9,3,14.0311,ARI
2025,44,14,quantile,0.9,4,14.7613,ARI
2025,44,14,quantile,0.95,-1,21.4202,ARI
2025,44,14,quantile,0.95,0,18.2105,ARI
2025,44,14,quantile,0.95,1,16.0071,ARI
2025,44,14,quantile,0.95,2,15.988,ARI
2025,44,14,quantile,0.95,3,16.3256,ARI
2025,44,14,quantile,0.95,4,16.9796,ARI
2025,44,14,quantile,0.975,-1,26.0768,ARI
2025,44,14,quantile,0.975,0,21.9694,ARI
2025,44,14,quantile,0.975,1,19.0957,ARI
2025,44,14,quantile,0.975,2,17.8826,ARI
2025,44,14,quantile,0.975,3,19.1958,ARI
2025,44,14,quantile,0.975,4,20.196,ARI
2025,44,14,quantile,0.99,-1,30.4733,ARI
2025,44,14,quantile,0.99,0,25.4986,ARI
2025,44,14,quantile,0.99,1,21.9218,ARI
2025,44,14,quantile,0.99,2,21.6747,ARI
2025,44,14,quantile,0.99,3,21.699,ARI
2025,44,14,quantile,0.99,4,22.0339,ARI
2025,44,15,quantile,0.01,-1,0.2695,ARI
2025,44,15,quantile,0.01,0,0.3366,ARI
2025,44,15,quantile,0.01,1,0.4075,ARI
2025,44,15,quantile,0.01,2,0.4856,ARI
2025,44,15,quantile,0.01,3,0.5725,ARI
2025,44,15,quantile,0.01,4,0.675,ARI
2025,44,15,quantile,0.025,-1,0.3342,ARI
2025,44,15,quantile,0.025,0,0.4576,ARI
2025,44,15,quantile,0.025,1,0.6364,ARI
2025,44,15,quantile,0.025,2,0.8532,ARI
2025,44,15,quantile,0.025,3,1.1377,ARI
2025,44,15,quantile,0.025,4,1.1853,ARI
2025,44,15,quantile,0.05,-1,0.7272,ARI
2025,44,15,quantile,0.05,0,0.9359,ARI
2025,44,15,quantile,0.05,1,1.1775,ARI
2025,44,15,quantile,0.05,2,1.2629,ARI
2025,44,15,quantile,0.05,3,1.4261,ARI
2025,44,15,quantile,0.05,4,1.8206,ARI
2025,44,15,quantile,0.1,-1,1.0513,ARI
2025,44,15,quantile,0.1,0,1.3514,ARI
2025,44,15,quantile,0.1,1,1.682,ARI
2025,44,15,quantile,0.1,2,2.1037,ARI
2025,44,15,quantile,0.1,3,2.4391,ARI
2025,44,15,quantile,0.1,4,2.7701,ARI
2025,44,15,quantile,0.15,-1,1.312,ARI
2025,44,15,quantile,0.15,0,1.6883,ARI
2025,44,15,quantile,0.15,1,2.0663,ARI
2025,44,15,quantile,0.15,2,2.4592,ARI
2025,44,15,quantile,0.15,3,2.9723,ARI
2025,44,15,quantile,0.15,4,3.4677,ARI
2025,44,15,quantile,0.2,-1,1.5833,ARI
2025,44,15,quantile,0.2,0,1.9802,ARI
2025,44,15,quantile,0.2,1,2.5742,ARI
2025,44,15,quantile,0.2,2,3.0842,ARI
2025,44,15,quantile,0.2,3,3.5986,ARI
2025,44,15,quantile,0.2,4,3.9202,ARI
2025,44,15,quantile,0.25,-1,1.9084,ARI
2025,44,15,quantile,0.25,0,2.3927,ARI
2025,44,15,quantile,0.25,1,2.9374,ARI
2025,44,15,quantile,0.25,2,3.54,ARI
2025,44,15,quantile,0.25,3,4.1464,ARI
2025,44,15,quantile,0.25,4,4.5137,ARI
2025,44,15,quantile,0.3,-1,2.2659,ARI
2025,44,15,quantile,0.3,0,2.713,ARI
2025,44,15,quantile,0.3,1,3.3914,ARI
2025,44,15,quantile,0.3,2,4.1251,ARI
2025,44,15,quantile,0.3,3,4.842,ARI
2025,44,15,quantile,0.3,4,5.084,ARI
2025,44,15,quantile,0.35,-1,2.654,ARI
2025,44,15,quantile,0.35,0,3.1956,ARI
2025,44,15,quantile,0.35,1,3.7249,ARI
2025,44,15,quantile,0.35,2,4.6513,ARI
2025,44,15,quantile,0.35,3,5.3337,ARI
2025,44,15,quantile,0.35,4,5.758,ARI
2025,44,15,quantile,0.4,-1,3.1074,ARI
2025,44,15,quantile,0.4,0,3.6659,ARI
2025,44,15,quantile,0.4,1,4.3575,ARI
2025,44,15,quantile,0.4,2,4.9835,ARI
2025,44,15,quantile,0.4,3,5.7654,ARI
2025,44,15,quantile,0.4,4,6.3993,ARI
2025,44,15,quantile,0.45,-1,3.4716,ARI
2025,44,15,quantile,0.45,0,4.1193,ARI
2025,44,15,quantile,0.45,1,4.8928,ARI
2025,44,15,quantile,0.45,2,5.5398,ARI
2025,44,15,quantile,0.45,3,6.1589,ARI
2025,44,15,quantile,0.45,4,6.8965,ARI
2025,44,15,quantile,0.5,-1,3.9563,ARI
2025,44,15,quantile,0.5,0,4.5783,ARI
2025,44,15,quantile,0.5,1,5.5276,ARI
2025,44,15,quantile,0.5,2,6.3193,ARI
2025,44,15,quantile,0.5,3,6.8066,ARI
2025,44,15,quantile,0.5,4,7.2876,ARI
2025,44,15,quantile,0.55,-1,4.5118,ARI
2025,44,15,quantile,0.55,0,5.4004,ARI
2025,44,15,quantile,0.55,1,6.23,ARI
2025,44,15,quantile,0.55,2,6.9647,ARI
2025,44,15,quantile,0.55,3,7.6101,ARI
2025,44,15,quantile,0.55,4,7.9049,ARI
2025,44,15,quantile,0.6,-1,5.0792,ARI
2025,44,15,quantile,0.6,0,6.0593,ARI
2025,44,15,quantile,0.6,1,7.0188,ARI
2025,44,15,quantile,0.6,2,7.6444,ARI
2025,44,15,quantile,0.6,3,8.3538,ARI
2025,44,15,quantile,0.6,4,8.5372,ARI
2025,44,15,quantile,0.65,-1,6.0666,ARI
2025,44,15,quantile,0.65,0,6.7945,ARI
2025,44,15,quantile,0.65,1,7.8234,ARI
2025,44,15,quantile,0.65,2,8.3631,ARI
2025,44,15,quantile,0.65,3,8.8524,ARI
2025,44,15,quantile,0.65,4,9.184,ARI
2025,44,15,quantile,0.7,-1,7.3196,ARI
2025,44,15,quantile,0.7,0,8.3283,ARI
2025,44,15,quantile,0.7,1,9.0753,ARI
2025,44,15,quantile,0.7,2,9.4469,ARI
2025,44,15,quantile,0.7,3,9.5528,ARI
2025,44,15,quantile,0.7,4,10.028,ARI
2025,44,15,quantile,0.75,-1,8.8153,ARI
2025,44,15,quantile,0.75,0,9.706,ARI
2025,44,15,quantile,0.75,1,10.3582,ARI
2025,44,15,quantile,0.75,2,10.8311,ARI
2025,44,15,quantile,0.75,3,10.5839,ARI
2025,44,15,quantile,0.75,4,10.9528,ARI
2025,44,15,quantile,0.8,-1,11.2123,ARI
2025,44,15,quantile,0.8,0,11.5372,ARI
2025,44,15,quantile,0.8,1,11.2921,ARI
2025,44,15,quantile,0.8,2,11.5524,ARI
2025,44,15,quantile,0.8,3,11.4429,ARI
2025,44,15,quantile,0.8,4,11.8616,ARI
2025,44,15,quantile,0.85,-1,15.1062,ARI
2025,44,15,quantile,0.85,0,14.4589,ARI
2025,44,15,quantile,0.85,1,13.4035,ARI
2025,44,15,quantile,0.85,2,12.758,ARI
2025,44,15,quantile,0.85,3,12.7001,ARI
2025,44,15,quantile,0.85,4,13.2881,ARI
2025,44,15,quantile,0.9,-1,19.962,ARI
2025,44,15,quantile,0.9,0,18.0245,ARI
2025,44,15,quantile,0.9,1,15.7024,ARI
2025,44,15,quantile,0.9,2,14.2042,ARI
2025,44,15,quantile,0.9,3,14.5555,ARI
2025,44,15,quantile,0.9,4,14.938,ARI
2025,44,15,quantile,0.95,-1,26.6761,ARI
2025,44,15,quantile,0.95,0,21.8063,ARI
2025,44,15,quantile,0.95,1,18.723,ARI
2025,44,15,quantile,0.95,2,17.9734,ARI
2025,44,15,quantile,0.95,3,17.0569,ARI
2025,44,15,quantile,0.95,4,17.7467,ARI
2025,44,15,quantile,0.975,-1,30.6132,ARI
2025,44,15,quantile,0.975,0,25.4311,ARI
2025,44,15,quantile,0.975,1,21.1552,ARI
2025,44,15,quantile,0.975,2,19.3982,ARI
2025,44,15,quantile,0.975,3,18.5899,ARI
2025,44,15,quantile,0.975,4,19.0726,ARI
2025,44,15,quantile,0.99,-1,33.2832,ARI
2025,44,15,quantile,0.99,0,27.6071,ARI
2025,44,15,quantile,0.99,1,24.0297,ARI
2025,44,15,quantile,0.99,2,21.3064,ARI
2025,44,15,quantile,0.99,3,19.7802,ARI
2025,44,15,quantile,0.99,4,20.516,ARI
2025,44,16,quantile,0.01,-1,6.8968,ARI
2025,44,16,quantile,0.01,0,9.1567,ARI
2025,44,16,quantile,0.01,1,9.6824,ARI
2025,44,16,quantile,0.01,2,10.0891,ARI
2025,44,16,quantile,0.01,3,10.1789,ARI
2025,44,16,quantile,0.01,4,9.4261,ARI
2025,44,16,quantile,0.025,-1,7.0911,ARI
2025,44,16,quantile,0.025,0,9.2138,ARI
2025,44,16,quantile,0.025,1,9.8378,ARI
2025,44,16,quantile,0.025,2,10.3143,ARI
2025,44,16,quantile,0.025,3,10.4523,ARI
2025,44,16,quantile,0.025,4,9.893,ARI
2025,44,16,quantile,0.05,-1,7.3395,ARI
2025,44,16,quantile,0.05,0,9.2744,ARI
2025,44,16,quantile,0.05,1,9.9407,ARI
2025,44,16,quantile,0.05,2,10.438,ARI
2025,44,16,quantile,0.05,3,10.749,ARI
2025,44,16,quantile,0.05,4,10.6405,ARI
2025,44,16,quantile,0.1,-1,7.63,ARI
2025,44,16,quantile,0.1,0,9.3677,ARI
2025,44,16,quantile,0.1,1,10.0495,ARI
2025,44,16,quantile,0.1,2,10.6606,ARI
2025,44,16,quantile,0.1,3,11.0459,ARI
2025,44,16,quantile,0.1,4,11.1241,ARI
2025,44,16,quantile,0.15,-1,7.8676,ARI
2025,44,16,quantile,0.15,0,9.4186,ARI
2025,44,16,quantile,0.15,1,10.21,ARI
2025,44,16,quantile,0.15,2,10.8492,ARI
2025,44,16,quantile,0.15,3,11.3375,ARI
2025,44,16,quantile,0.15,4,11.4888,ARI
2025,44,16,quantile,0.2,-1,8.0522,ARI
2025,44,16,quantile,0.2,0,9.4963,ARI
2025,44,16,quantile,0.2,1,10.3833,ARI
2025,44,16,quantile,0.2,2,11.101,ARI
2025,44,16,quantile,0.2,3,11.6471,ARI
2025,44,16,quantile,0.2,4,11.9249,ARI
2025,44,16,quantile,0.25,-1,8.1589,ARI
2025,44,16,quantile,0.25,0,9.5378,ARI
2025,44,16,quantile,0.25,1,10.5087,ARI
2025,44,16,quantile,0.25,2,11.3803,ARI
2025,44,16,quantile,0.25,3,11.8972,ARI
2025,44,16,quantile,0.25,4,12.1649,ARI
2025,44,16,quantile,0.3,-1,8.2298,ARI
2025,44,16,quantile,0.3,0,9.5933,ARI
2025,44,16,quantile,0.3,1,10.6486,ARI
2025,44,16,quantile,0.3,2,11.5623,ARI
2025,44,16,quantile,0.3,3,12.1694,ARI
2025,44,16,quantile,0.3,4,12.4306,ARI
2025,44,16,quantile,0.35,-1,8.285,ARI
2025,44,16,quantile,0.35,0,9.6643,ARI
2025,44,16,quantile,0.35,1,10.8203,ARI
2025,44,16,quantile,0.35,2,11.8026,ARI
2025,44,16,quantile,0.35,3,12.504,ARI
2025,44,16,quantile,0.35,4,12.8531,ARI
2025,44,16,quantile,0.4,-1,8.3357,ARI
2025,44,16,quantile,0.4,0,9.7307,ARI
2025,44,16,quantile,0.4,1,10.9776,ARI
2025,44,16,quantile,0.4,2,12.0166,ARI
2025,44,16,quantile,0.4,3,12.8449,ARI
2025,44,16,quantile,0.4,4,13.2002,ARI
2025,44,16,quantile,0.45,-1,8.3737,ARI
2025,44,16,quantile,0.45,0,9.814,ARI
2025,44,16,quantile,0.45,1,11.1393,ARI
2025,44,16,quantile,0.45,2,12.2637,ARI
2025,44,16,quantile,0.45,3,13.1449,ARI
2025,44,16,quantile,0.45,4,13.665,ARI
2025,44,16,quantile,0.5,-1,8.4054,ARI
2025,44,16,quantile,0.5,0,9.8261,ARI
2025,44,16,quantile,0.5,1,11.2344,ARI
2025,44,16,quantile,0.5,2,12.5901,ARI
2025,44,16,quantile,0.5,3,13.5444,ARI
2025,44,16,quantile,0.5,4,14.0412,ARI
2025,44,16,quantile,0.55,-1,8.4295,ARI
2025,44,16,quantile,0.55,0,9.8495,ARI
2025,44,16,quantile,0.55,1,11.3605,ARI
2025,44,16,quantile,0.55,2,12.8263,ARI
2025,44,16,quantile,0.55,3,13.9334,ARI
2025,44,16,quantile,0.55,4,14.5646,ARI
2025,44,16,quantile,0.6,-1,8.4428,ARI
2025,44,16,quantile,0.6,0,9.8772,ARI
2025,44,16,quantile,0.6,1,11.4593,ARI
2025,44,16,quantile,0.6,2,12.9676,ARI
2025,44,16,quantile,0.6,3,14.1627,ARI
2025,44,16,quantile,0.6,4,15.0366,ARI
2025,44,16,quantile,0.65,-1,8.4504,ARI
2025,44,16,quantile,0.65,0,9.9071,ARI
2025,44,16,quantile,0.65,1,11.6076,ARI
2025,44,16,quantile,0.65,2,13.1713,ARI
2025,44,16,quantile,0.65,3,14.4508,ARI
2025,44,16,quantile,0.65,4,15.3942,ARI
2025,44,16,quantile,0.7,-1,8.5241,ARI
2025,44,16,quantile,0.7,0,9.9371,ARI
2025,44,16,quantile,0.7,1,11.7442,ARI
2025,44,16,quantile,0.7,2,13.4913,ARI
2025,44,16,quantile,0.7,3,14.9499,ARI
2025,44,16,quantile,0.7,4,15.7274,ARI
2025,44,16,quantile,0.75,-1,8.5746,ARI
2025,44,16,quantile,0.75,0,10.0111,ARI
2025,44,16,quantile,0.75,1,12.0451,ARI
2025,44,16,quantile,0.75,2,13.8186,ARI
2025,44,16,quantile,0.75,3,15.3728,ARI
2025,44,16,quantile,0.75,4,16.3966,ARI
2025,44,16,quantile,0.8,-1,8.6233,ARI
2025,44,16,quantile,0.8,0,10.1045,ARI
2025,44,16,quantile,0.8,1,12.3167,ARI
2025,44,16,quantile,0.8,2,14.4072,ARI
2025,44,16,quantile,0.8,3,15.8298,ARI
2025,44,16,quantile,0.8,4,17.0296,ARI
2025,44,16,quantile,0.85,-1,8.6881,ARI
2025,44,16,quantile,0.85,0,10.2147,ARI
2025,44,16,quantile,0.85,1,12.7662,ARI
2025,44,16,quantile,0.85,2,15.0463,ARI
2025,44,16,quantile,0.85,3,16.7159,ARI
2025,44,16,quantile,0.85,4,17.7771,ARI
2025,44,16,quantile,0.9,-1,8.7335,ARI
2025,44,16,quantile,0.9,0,10.4105,ARI
2025,44,16,quantile,0.9,1,13.1062,ARI
2025,44,16,quantile,0.9,2,15.6556,ARI
2025,44,16,quantile,0.9,3,17.7211,ARI
2025,44,16,quantile,0.9,4,19.0059,ARI
2025,44,16,quantile,0.95,-1,8.803,ARI
2025,44,16,quantile,0.95,0,10.7699,ARI
2025,44,16,quantile,0.95,1,14.0358,ARI
2025,44,16,quantile,0.95,2,16.9875,ARI
2025,44,16,quantile,0.95,3,19.349,ARI
2025,44,16,quantile,0.95,4,20.7133,ARI
2025,44,16,quantile,0.975,-1,8.8504,ARI
2025,44,16,quantile,0.975,0,11.0519,ARI
2025,44,16,quantile,0.975,1,14.7603,ARI
2025,44,16,quantile,0.975,2,18.8807,ARI
2025,44,16,quantile,0.975,3,20.9547,ARI
2025,44,16,quantile,0.975,4,22.2419,ARI
2025,44,16,quantile,0.99,-1,8.9367,ARI
2025,44,16,quantile,0.99,0,11.3038,ARI
2025,44,16,quantile,0.99,1,15.8639,ARI
2025,44,16,quantile,0.99,2,19.9904,ARI
2025,44,16,quantile,0.99,3,23.8498,ARI
2025,44,16,quantile,0.99,4,24.6262,ARI
2025,44,17,quantile,0.01,-1,0.3954,ARI
2025,44,17,quantile,0.01,0,0.4878,ARI
2025,44,17,quantile,0.01,1,0.5897,ARI
2025,44,17,quantile,0.01,2,0.5758,ARI
2025,44,17,quantile,0.01,3,0.625,ARI
2025,44,17,quantile,0.01,4,0.7258,ARI
2025,44,17,quantile,0.025,-1,0.4824,ARI
2025,44,17,quantile,0.025,0,0.635,ARI
2025,44,17,quantile,0.025,1,0.7611,ARI
2025,44,17,quantile,0.025,2,0.9704,ARI
2025,44,17,quantile,0.025,3,1.1355,ARI
2025,44,17,quantile,0.025,4,1.3847,ARI
2025,44,17,quantile,0.05,-1,0.6727,ARI
2025,44,17,quantile,0.05,0,0.7624,ARI
2025,44,17,quantile,0.05,1,1.056,ARI
2025,44,17,quantile,0.05,2,1.2042,ARI
2025,44,17,quantile,0.05,3,1.3992,ARI
2025,44,17,quantile,0.05,4,1.572,ARI
2025,44,17,quantile,0.1,-1,0.9262,ARI
2025,44,17,quantile,0.1,0,1.1233,ARI
2025,44,17,quantile,0.1,1,1.3366,ARI
2025,44,17,quantile,0.1,2,1.563,ARI
2025,44,17,quantile,0.1,3,1.851,ARI
2025,44,17,quantile,0.1,4,2.1076,ARI
2025,44,17,quantile,0.15,-1,1.1216,ARI
2025,44,17,quantile,0.15,0,1.4151,ARI
2025,44,17,quantile,0.15,1,1.771,ARI
2025,44,17,quantile,0.15,2,2.1238,ARI
2025,44,17,quantile,0.15,3,2.6331,ARI
2025,44,17,quantile,0.15,4,2.9525,ARI
2025,44,17,quantile,0.2,-1,1.3657,ARI
2025,44,17,quantile,0.2,0,1.7155,ARI
2025,44,17,quantile,0.2,1,2.135,ARI
2025,44,17,quantile,0.2,2,2.6339,ARI
2025,44,17,quantile,0.2,3,3.0373,ARI
2025,44,17,quantile,0.2,4,3.5679,ARI
2025,44,17,quantile,0.25,-1,1.7159,ARI
2025,44,17,quantile,0.25,0,2.0789,ARI
2025,44,17,quantile,0.25,1,2.5377,ARI
2025,44,17,quantile,0.25,2,3.0711,ARI
2025,44,17,quantile,0.25,3,3.4556,ARI
2025,44,17,quantile,0.25,4,3.9721,ARI
2025,44,17,quantile,0.3,-1,1.991,ARI
2025,44,17,quantile,0.3,0,2.488,ARI
2025,44,17,quantile,0.3,1,2.9744,ARI
2025,44,17,quantile,0.3,2,3.5043,ARI
2025,44,17,quantile,0.3,3,3.9396,ARI
2025,44,17,quantile,0.3,4,4.4574,ARI
2025,44,17,quantile,0.35,-1,2.3487,ARI
2025,44,17,quantile,0.35,0,2.8056,ARI
2025,44,17,quantile,0.35,1,3.5278,ARI
2025,44,17,quantile,0.35,2,4.2361,ARI
2025,44,17,quantile,0.35,3,4.7947,ARI
2025,44,17,quantile,0.35,4,5.1823,ARI
2025,44,17,quantile,0.4,-1,2.7945,ARI
2025,44,17,quantile,0.4,0,3.3903,ARI
2025,44,17,quantile,0.4,1,4.1104,ARI
2025,44,17,quantile,0.4,2,5.0151,ARI
2025,44,17,quantile,0.4,3,5.4439,ARI
2025,44,17,quantile,0.4,4,5.9514,ARI
2025,44,17,quantile,0.45,-1,3.2492,ARI
2025,44,17,quantile,0.45,0,3.8763,ARI
2025,44,17,quantile,0.45,1,4.85,ARI
2025,44,17,quantile,0.45,2,5.4164,ARI
2025,44,17,quantile,0.45,3,6.1051,ARI
2025,44,17,quantile,0.45,4,6.4372,ARI
2025,44,17,quantile,0.5,-1,3.7872,ARI
2025,44,17,quantile,0.5,0,4.419,ARI
2025,44,17,quantile,0.5,1,5.2647,ARI
2025,44,17,quantile,0.5,2,6.3564,ARI
2025,44,17,quantile,0.5,3,6.811,ARI
2025,44,17,quantile,0.5,4,6.9964,ARI
2025,44,17,quantile,0.55,-1,4.347,ARI
2025,44,17,quantile,0.55,0,5.182,ARI
2025,44,17,quantile,0.55,1,6.215,ARI
2025,44,17,quantile,0.55,2,6.9,ARI
2025,44,17,quantile,0.55,3,7.4747,ARI
2025,44,17,quantile,0.55,4,7.4453,ARI
2025,44,17,quantile,0.6,-1,5.221,ARI
2025,44,17,quantile,0.6,0,6.0504,ARI
2025,44,17,quantile,0.6,1,6.9021,ARI
2025,44,17,quantile,0.6,2,7.503,ARI
2025,44,17,quantile,0.6,3,7.9958,ARI
2025,44,17,quantile,0.6,4,8.3881,ARI
2025,44,17,quantile,0.65,-1,6.1713,ARI
2025,44,17,quantile,0.65,0,6.9164,ARI
2025,44,17,quantile,0.65,1,7.6844,ARI
2025,44,17,quantile,0.65,2,8.1981,ARI
2025,44,17,quantile,0.65,3,8.494,ARI
2025,44,17,quantile,0.65,4,9.126,ARI
2025,44,17,quantile,0.7,-1,7.7303,ARI
2025,44,17,quantile,0.7,0,8.634,ARI
2025,44,17,quantile,0.7,1,8.9959,ARI
2025,44,17,quantile,0.7,2,9.0842,ARI
2025,44,17,quantile,0.7,3,9.3404,ARI
2025,44,17,quantile,0.7,4,9.9552,ARI
2025,44,17,quantile,0.75,-1,9.8765,ARI
2025,44,17,quantile,0.75,0,10.5622,ARI
2025,44,17,quantile,0.75,1,10.3986,ARI
2025,44,17,quantile,0.75,2,10.1071,ARI
2025,44,17,quantile,0.75,3,10.2685,ARI
2025,44,17,quantile,0.75,4,10.8201,ARI
2025,44,17,quantile,0.8,-1,13.8897,ARI
2025,44,17,quantile,0.8,0,12.5405,ARI
2025,44,17,quantile,0.8,1,12.043,ARI
2025,44,17,quantile,0.8,2,11.1486,ARI
2025,44,17,quantile,0.8,3,11.1432,ARI
2025,44,17,quantile,0.8,4,11.883,ARI
2025,44,17,quantile,0.85,-1,18.0593,ARI
2025,44,17,quantile,0.85,0,15.5737,ARI
2025,44,17,quantile,0.85,1,13.2928,ARI
2025,44,17,quantile,0.85,2,12.8984,ARI
2025,44,17,quantile,0.85,3,12.6757,ARI
2025,44,17,quantile,0.85,4,13.015,ARI
2025,44,17,quantile,0.9,-1,21.7486,ARI
2025,44,17,quantile,0.9,0,18.2521,ARI
2025,44,17,quantile,0.9,1,16.0072,ARI
2025,44,17,quantile,0.9,2,14.8416,ARI
2025,44,17,quantile,0.9,3,14.526,ARI
2025,44,17,quantile,0.9,4,14.3605,ARI
2025,44,17,quantile,0.95,-1,26.0722,ARI
2025,44,17,quantile,0.95,0,21.6311,ARI
2025,44,17,quantile,0.95,1,18.9728,ARI
2025,44,17,quantile,0.95,2,17.4707,ARI
2025,44,17,quantile,0.95,3,16.4084,ARI
2025,44,17,quantile,0.95,4,16.4522,ARI
2025,44,17,quantile,0.975,-1,28.6216,ARI
2025,44,17,quantile,0.975,0,24.3206,ARI
2025,44,17,quantile,0.975,1,21.2113,ARI
2025,44,17,quantile,0.975,2,18.8697,ARI
2025,44,17,quantile,0.975,3,18.4781,ARI
2025,44,17,quantile,0.975,4,17.8144,ARI
2025,44,17,quantile,0.99,-1,33.2376,ARI
2025,44,17,quantile,0.99,0,27.659,ARI
2025,44,17,quantile,0.99,1,25.27,ARI
2025,44,17,quantile,0.99,2,22.0536,ARI
2025,44,17,quantile,0.99,3,19.6628,ARI
2025,44,17,quantile,0.99,4,19.5305,ARI
2025,44,18,quantile,0.01,-1,0.3233,ARI
2025,44,18,quantile,0.01,0,0.4806,ARI
2025,44,18,quantile,0.01,1,0.5377,ARI
2025,44,18,quantile,0.01,2,0.5901,ARI
2025,44,18,quantile,0.01,3,0.6606,ARI
2025,44,18,quantile,0.01,4,0.7701,ARI
2025,44,18,quantile,0.025,-1,0.4413,ARI
2025,44,18,quantile,0.025,0,0.5491,ARI
2025,44,18,quantile,0.025,1,0.6148,ARI
2025,44,18,quantile,0.025,2,0.7242,ARI
2025,44,18,quantile,0.025,3,0.8697,ARI
2025,44,18,quantile,0.025,4,0.9679,ARI
2025,44,18,quantile,0.05,-1,0.5577,ARI
2025,44,18,quantile,0.05,0,0.7275,ARI
2025,44,18,quantile,0.05,1,0.9858,ARI
2025,44,18,quantile,0.05,2,1.2148,ARI
2025,44,18,quantile,0.05,3,1.3499,ARI
2025,44,18,quantile,0.05,4,1.6377,ARI
2025,44,18,quantile,0.1,-1,0.9699,ARI
2025,44,18,quantile,0.1,0,1.2154,ARI
2025,44,18,quantile,0.1,1,1.4913,ARI
2025,44,18,quantile,0.1,2,1.7717,ARI
2025,44,18,quantile,0.1,3,2.2616,ARI
2025,44,18,quantile,0.1,4,2.4546,ARI
2025,44,18,quantile,0.15,-1,1.3316,ARI
2025,44,18,quantile,0.15,0,1.5991,ARI
2025,44,18,quantile,0.15,1,1.9533,ARI
2025,44,18,quantile,0.15,2,2.3525,ARI
2025,44,18,quantile,0.15,3,2.7171,ARI
2025,44,18,quantile,0.15,4,3.1064,ARI
2025,44,18,quantile,0.2,-1,1.6973,ARI
2025,44,18,quantile,0.2,0,2.0374,ARI
2025,44,18,quantile,0.2,1,2.4362,ARI
2025,44,18,quantile,0.2,2,2.8647,ARI
2025,44,18,quantile,0.2,3,3.3072,ARI
2025,44,18,quantile,0.2,4,3.9145,ARI
2025,44,18,quantile,0.25,-1,1.9986,ARI
2025,44,18,quantile,0.25,0,2.4144,ARI
2025,44,18,quantile,0.25,1,2.8769,ARI
2025,44,18,quantile,0.25,2,3.5378,ARI
2025,44,18,quantile,0.25,3,4.2026,ARI
2025,44,18,quantile,0.25,4,4.7131,ARI
2025,44,18,quantile,0.3,-1,2.2132,ARI
2025,44,18,quantile,0.3,0,2.7359,ARI
2025,44,18,quantile,0.3,1,3.4238,ARI
2025,44,18,quantile,0.3,2,4.1149,ARI
2025,44,18,quantile,0.3,3,4.7584,ARI
2025,44,18,quantile,0.3,4,5.495,ARI
2025,44,18,quantile,0.35,-1,2.7307,ARI
2025,44,18,quantile,0.35,0,3.1914,ARI
2025,44,18,quantile,0.35,1,3.9414,ARI
2025,44,18,quantile,0.35,2,4.7423,ARI
2025,44,18,quantile,0.35,3,5.5081,ARI
2025,44,18,quantile,0.35,4,5.9242,ARI
2025,44,18,quantile,0.4,-1,2.9995,ARI
2025,44,18,quantile,0.4,0,3.6783,ARI
2025,44,18,quantile,0.4,1,4.4532,ARI
2025,44,18,quantile,0.4,2,5.2218,ARI
2025,44,18,quantile,0.4,3,6.0678,ARI
2025,44,18,quantile,0.4,4,6.7597,ARI
2025,44,18,quantile,0.45,-1,3.4395,ARI
2025,44,18,quantile,0.45,0,4.1329,ARI
2025,44,18,quantile,0.45,1,4.9619,ARI
2025,44,18,quantile,0.45,2,5.804,ARI
2025,44,18,quantile,0.45,3,6.6437,ARI
2025,44,18,quantile,0.45,4,7.3433,ARI
2025,44,18,quantile,0.5,-1,3.8501,ARI
2025,44,18,quantile,0.5,0,4.5914,ARI
2025,44,18,quantile,0.5,1,5.5358,ARI
2025,44,18,quantile,0.5,2,6.4359,ARI
2025,44,18,quantile,0.5,3,7.1919,ARI
2025,44,18,quantile,0.5,4,7.9701,ARI
2025,44,18,quantile,0.55,-1,4.4472,ARI
2025,44,18,quantile,0.55,0,5.1207,ARI
2025,44,18,quantile,0.55,1,6.016,ARI
2025,44,18,quantile,0.55,2,7.1706,ARI
2025,44,18,quantile,0.55,3,7.6245,ARI
2025,44,18,quantile,0.55,4,8.5885,ARI
2025,44,18,quantile,0.6,-1,5.0877,ARI
2025,44,18,quantile,0.6,0,6.1699,ARI
2025,44,18,quantile,0.6,1,6.9411,ARI
2025,44,18,quantile,0.6,2,7.6737,ARI
2025,44,18,quantile,0.6,3,8.4686,ARI
2025,44,18,quantile,0.6,4,9.2607,ARI
2025,44,18,quantile,0.65,-1,6.0188,ARI
2025,44,18,quantile,0.65,0,7.064,ARI
2025,44,18,quantile,0.65,1,7.9955,ARI
2025,44,18,quantile,0.65,2,8.4957,ARI
2025,44,18,quantile,0.65,3,9.2558,ARI
2025,44,18,quantile,0.65,4,10.1575,ARI
2025,44,18,quantile,0.7,-1,7.1873,ARI
2025,44,18,quantile,0.7,0,8.2643,ARI
2025,44,18,quantile,0.7,1,9.4059,ARI
2025,44,18,quantile,0.7,2,9.5947,ARI
2025,44,18,quantile,0.7,3,9.9311,ARI
2025,44,18,quantile,0.7,4,10.8034,ARI
2025,44,18,quantile,0.75,-1,8.5637,ARI
2025,44,18,quantile,0.75,0,9.602,ARI
2025,44,18,quantile,0.75,1,10.3878,ARI
2025,44,18,quantile,0.75,2,10.8171,ARI
2025,44,18,quantile,0.75,3,11.0007,ARI
2025,44,18,quantile,0.75,4,11.5317,ARI
2025,44,18,quantile,0.8,-1,10.2851,ARI
2025,44,18,quantile,0.8,0,11.4117,ARI
2025,44,18,quantile,0.8,1,11.7282,ARI
2025,44,18,quantile,0.8,2,11.9607,ARI
2025,44,18,quantile,0.8,3,12.5064,ARI
2025,44,18,quantile,0.8,4,12.4294,ARI
2025,44,18,quantile,0.85,-1,13.4991,ARI
2025,44,18,quantile,0.85,0,13.6213,ARI
2025,44,18,quantile,0.85,1,13.4234,ARI
2025,44,18,quantile,0.85,2,13.5593,ARI
2025,44,18,quantile,0.85,3,13.8484,ARI
2025,44,18,quantile,0.85,4,13.7006,ARI
2025,44,18,quantile,0.9,-1,18.0019,ARI
2025,44,18,quantile,0.9,0,16.5536,ARI
2025,44,18,quantile,0.9,1,15.8037,ARI
2025,44,18,quantile,0.9,2,15.5486,ARI
2025,44,18,quantile,0.9,3,15.1534,ARI
2025,44,18,quantile,0.9,4,14.7915,ARI
2025,44,18,quantile,0.95,-1,24.4455,ARI
2025,44,18,quantile,0.95,0,21.0044,ARI
2025,44,18,quantile,0.95,1,18.3228,ARI
2025,44,18,quantile,0.95,2,18.075,ARI
2025,44,18,quantile,0.95,3,16.9172,ARI
2025,44,18,quantile,0.95,4,16.7714,ARI
2025,44,18,quantile,0.975,-1,29.9519,ARI
2025,44,18,quantile,0.975,0,24.984,ARI
2025,44,18,quantile,0.975,1,22.4152,ARI
2025,44,18,quantile,0.975,2,19.1466,ARI
2025,44,18,quantile,0.975,3,18.1493,ARI
2025,44,18,quantile,0.975,4,19.2586,ARI
2025,44,18,quantile,0.99,-1,37.7734,ARI
2025,44,18,quantile,0.99,0,29.9821,ARI
2025,44,18,quantile,0.99,1,23.91,ARI
2025,44,18,quantile,0.99,2,20.5325,ARI
2025,44,18,quantile,0.99,3,21.0532,ARI
2025,44,18,quantile,0.99,4,21.5605,ARI
2025,44,19,quantile,0.01,-1,0.2843,ARI
2025,44,19,quantile,0.01,0,0.3455,ARI
2025,44,19,quantile,0.01,1,0.4805,ARI
2025,44,19,quantile,0.01,2,0.6386,ARI
2025,44,19,quantile,0.01,3,0.6684,ARI
2025,44,19,quantile,0.01,4,0.8044,ARI
2025,44,19,quantile,0.025,-1,0.5087,ARI
2025,44,19,quantile,0.025,0,0.6014,ARI
2025,44,19,quantile,0.025,1,0.6446,ARI
2025,44,19,quantile,0.025,2,0.8253,ARI
2025,44,19,quantile,0.025,3,1.1477,ARI
2025,44,19,quantile,0.025,4,1.5477,ARI
2025,44,19,quantile,0.05,-1,0.7201,ARI
2025,44,19,quantile,0.05,0,0.9199,ARI
2025,44,19,quantile,0.05,1,1.1614,ARI
2025,44,19,quantile,0.05,2,1.4172,ARI
2025,44,19,quantile,0.05,3,1.7192,ARI
2025,44,19,quantile,0.05,4,2.0082,ARI
2025,44,19,quantile,0.1,-1,1.1486,ARI
2025,44,19,quantile,0.1,0,1.5167,ARI
2025,44,19,quantile,0.1,1,1.851,ARI
2025,44,19,quantile,0.1,2,2.175,ARI
2025,44,19,quantile,0.1,3,2.4621,ARI
2025,44,19,quantile,0.1,4,2.7734,ARI
2025,44,19,quantile,0.15,-1,1.4767,ARI
2025,44,19,quantile,0.15,0,1.8613,ARI
2025,44,19,quantile,0.15,1,2.1913,ARI
2025,44,19,quantile,0.15,2,2.7131,ARI
2025,44,19,quantile,0.15,3,3.2019,ARI
2025,44,19,quantile,0.15,4,3.6459,ARI
2025,44,19,quantile,0.2,-1,1.7751,ARI
2025,44,19,quantile,0.2,0,2.1511,ARI
2025,44,19,quantile,0.2,1,2.6443,ARI
2025,44,19,quantile,0.2,2,3.234,ARI
2025,44,19,quantile,0.2,3,3.8594,ARI
2025,44,19,quantile,0.2,4,4.3965,ARI
2025,44,19,quantile,0.25,-1,2.0131,ARI
2025,44,19,quantile,0.25,0,2.4842,ARI
2025,44,19,quantile,0.25,1,3.0981,ARI
2025,44,19,quantile,0.25,2,3.7339,ARI
2025,44,19,quantile,0.25,3,4.3227,ARI
2025,44,19,quantile,0.25,4,4.9404,ARI
2025,44,19,quantile,0.3,-1,2.336,ARI
2025,44,19,quantile,0.3,0,2.811,ARI
2025,44,19,quantile,0.3,1,3.4046,ARI
2025,44,19,quantile,0.3,2,4.0571,ARI
2025,44,19,quantile,0.3,3,4.8117,ARI
2025,44,19,quantile,0.3,4,5.5588,ARI
2025,44,19,quantile,0.35,-1,2.6034,ARI
2025,44,19,quantile,0.35,0,3.193,ARI
2025,44,19,quantile,0.35,1,3.7809,ARI
2025,44,19,quantile,0.35,2,4.5299,ARI
2025,44,19,quantile,0.35,3,5.3385,ARI
2025,44,19,quantile,0.35,4,6.125,ARI
2025,44,19,quantile,0.4,-1,2.8589,ARI
2025,44,19,quantile,0.4,0,3.6191,ARI
2025,44,19,quantile,0.4,1,4.2926,ARI
2025,44,19,quantile,0.4,2,5.0546,ARI
2025,44,19,quantile,0.4,3,5.7884,ARI
2025,44,19,quantile,0.4,4,6.8402,ARI
2025,44,19,quantile,0.45,-1,3.3954,ARI
2025,44,19,quantile,0.45,0,4.1135,ARI
2025,44,19,quantile,0.45,1,4.8075,ARI
2025,44,19,quantile,0.45,2,5.6912,ARI
2025,44,19,quantile,0.45,3,6.5837,ARI
2025,44,19,quantile,0.45,4,7.4358,ARI
2025,44,19,quantile,0.5,-1,3.8521,ARI
2025,44,19,quantile,0.5,0,4.52,ARI
2025,44,19,quantile,0.5,1,5.4892,ARI
2025,44,19,quantile,0.5,2,6.574,ARI
2025,44,19,quantile,0.5,3,7.4118,ARI
2025,44,19,quantile,0.5,4,8.204,ARI
2025,44,19,quantile,0.55,-1,4.1935,ARI
2025,44,19,quantile,0.55,0,5.2296,ARI
2025,44,19,quantile,0.55,1,6.0558,ARI
2025,44,19,quantile,0.55,2,7.2935,ARI
2025,44,19,quantile,0.55,3,8.1551,ARI
2025,44,19,quantile,0.55,4,8.8899,ARI
2025,44,19,quantile,0.6,-1,4.7496,ARI
2025,44,19,quantile,0.6,0,5.8341,ARI
2025,44,19,quantile,0.6,1,6.8491,ARI
2025,44,19,quantile,0.6,2,7.9273,ARI
2025,44,19,quantile,0.6,3,8.8708,ARI
2025,44,19,quantile,0.6,4,9.8526,ARI
2025,44,19,quantile,0.65,-1,5.6223,ARI
2025,44,19,quantile,0.65,0,6.4595,ARI
2025,44,19,quantile,0.65,1,7.7576,ARI
2025,44,19,quantile,0.65,2,8.8214,ARI
2025,44,19,quantile,0.65,3,9.8169,ARI
2025,44,19,quantile,0.65,4,10.568,ARI
2025,44,19,quantile,0.7,-1,6.4381,ARI
2025,44,19,quantile,0.7,0,7.5809,ARI
2025,44,19,quantile,0.7,1,8.7419,ARI
2025,44,19,quantile,0.7,2,9.7387,ARI
2025,44,19,quantile,0.7,3,10.7508,ARI
2025,44,19,quantile,0.7,4,11.4326,ARI
2025,44,19,quantile,0.75,-1,7.6328,ARI
2025,44,19,quantile,0.75,0,9.0757,ARI
2025,44,19,quantile,0.75,1,10.2492,ARI
2025,44,19,quantile,0.75,2,11.5494,ARI
2025,44,19,quantile,0.75,3,11.7193,ARI
2025,44,19,quantile,0.75,4,12.0871,ARI
2025,44,19,quantile,0.8,-1,9.7377,ARI
2025,44,19,quantile,0.8,0,10.6242,ARI
2025,44,19,quantile,0.8,1,11.9338,ARI
2025,44,19,quantile,0.8,2,13.109,ARI
2025,44,19,quantile,0.8,3,13.4287,ARI
2025,44,19,quantile,0.8,4,13.3392,ARI
2025,44,19,quantile,0.85,-1,11.6932,ARI
2025,44,19,quantile,0.85,0,13.333,ARI
2025,44,19,quantile,0.85,1,15.2172,ARI
2025,44,19,quantile,0.85,2,14.9684,ARI
2025,44,19,quantile,0.85,3,15.0191,ARI
2025,44,19,quantile,0.85,4,15.2964,ARI
2025,44,19,quantile,0.9,-1,15.1022,ARI
2025,44,19,quantile,0.9,0,15.8059,ARI
2025,44,19,quantile,0.9,1,16.7367,ARI
2025,44,19,quantile,0.9,2,16.8739,ARI
2025,44,19,quantile,0.9,3,17.2416,ARI
2025,44,19,quantile,0.9,4,17.0517,ARI
2025,44,19,quantile,0.95,-1,20.9479,ARI
2025,44,19,quantile,0.95,0,20.865,ARI
2025,44,19,quantile,0.95,1,19.0839,ARI
2025,44,19,quantile,0.95,2,19.3876,ARI
2025,44,19,quantile,0.95,3,19.8029,ARI
2025,44,19,quantile,0.95,4,20.0829,ARI
2025,44,19,quantile,0.975,-1,24.8437,ARI
2025,44,19,quantile,0.975,0,23.1884,ARI
2025,44,19,quantile,0.975,1,22.5455,ARI
2025,44,19,quantile,0.975,2,22.2046,ARI
2025,44,19,quantile,0.975,3,21.5888,ARI
2025,44,19,quantile,0.975,4,21.1224,ARI
2025,44,19,quantile,0.99,-1,33.1993,ARI
2025,44,19,quantile,0.99,0,32.5594,ARI
2025,44,19,quantile,0.99,1,27.0779,ARI
2025,44,19,quantile,0.99,2,24.1463,ARI
2025,44,19,quantile,0.99,3,23.6991,ARI
2025,44,19,quantile,0.99,4,23.0715,ARI
2025,44,20,quantile,0.01,-1,0.2019,ARI
2025,44,20,quantile,0.01,0,0.2425,ARI
2025,44,20,quantile,0.01,1,0.2999,ARI
2025,44,20,quantile,0.01,2,0.4015,ARI
2025,44,20,quantile,0.01,3,0.549,ARI
2025,44,20,quantile,0.01,4,0.4607,ARI
2025,44,20,quantile,0.025,-1,0.3368,ARI
2025,44,20,quantile,0.025,0,0.4128,ARI
2025,44,20,quantile,0.025,1,0.5155,ARI
2025,44,20,quantile,0.025,2,0.6493,ARI
2025,44,20,quantile,0.025,3,0.7606,ARI
2025,44,20,quantile,0.025,4,0.9407,ARI
2025,44,20,quantile,0.05,-1,0.4978,ARI
2025,44,20,quantile,0.05,0,0.6603,ARI
2025,44,20,quantile,0.05,1,0.8524,ARI
2025,44,20,quantile,0.05,2,1.018,ARI
2025,44,20,quantile,0.05,3,1.2044,ARI
2025,44,20,quantile,0.05,4,1.4724,ARI
2025,44,20,quantile,0.1,-1,0.7334,ARI
2025,44,20,quantile,0.1,0,0.9202,ARI
2025,44,20,quantile,0.1,1,1.1776,ARI
2025,44,20,quantile,0.1,2,1.4261,ARI
2025,44,20,quantile,0.1,3,1.7348,ARI
2025,44,20,quantile,0.1,4,2.1652,ARI
2025,44,20,quantile,0.15,-1,0.9904,ARI
2025,44,20,quantile,0.15,0,1.2982,ARI
2025,44,20,quantile,0.15,1,1.5581,ARI
2025,44,20,quantile,0.15,2,1.9565,ARI
2025,44,20,quantile,0.15,3,2.3589,ARI
2025,44,20,quantile,0.15,4,2.6472,ARI
2025,44,20,quantile,0.2,-1,1.3043,ARI
2025,44,20,quantile,0.2,0,1.673,ARI
2025,44,20,quantile,0.2,1,1.9638,ARI
2025,44,20,quantile,0.2,2,2.4348,ARI
2025,44,20,quantile,0.2,3,2.7386,ARI
2025,44,20,quantile,0.2,4,3.1593,ARI
2025,44,20,quantile,0.25,-1,1.5187,ARI
2025,44,20,quantile,0.25,0,1.9349,ARI
2025,44,20,quantile,0.25,1,2.3674,ARI
2025,44,20,quantile,0.25,2,2.8263,ARI
2025,44,20,quantile,0.25,3,3.4496,ARI
2025,44,20,quantile,0.25,4,4.077,ARI
2025,44,20,quantile,0.3,-1,1.8176,ARI
2025,44,20,quantile,0.3,0,2.1749,ARI
2025,44,20,quantile,0.3,1,2.7036,ARI
2025,44,20,quantile,0.3,2,3.4589,ARI
2025,44,20,quantile,0.3,3,4.1801,ARI
2025,44,20,quantile,0.3,4,4.9582,ARI
2025,44,20,quantile,0.35,-1,2.218,ARI
2025,44,20,quantile,0.35,0,2.6951,ARI
2025,44,20,quantile,0.35,1,3.1556,ARI
2025,44,20,quantile,0.35,2,3.919,ARI
2025,44,20,quantile,0.35,3,4.6678,ARI
2025,44,20,quantile,0.35,4,5.6164,ARI
2025,44,20,quantile,0.4,-1,2.5599,ARI
2025,44,20,quantile,0.4,0,3.0748,ARI
2025,44,20,quantile,0.4,1,3.6807,ARI
2025,44,20,quantile,0.4,2,4.4684,ARI
2025,44,20,quantile,0.4,3,5.3098,ARI
2025,44,20,quantile,0.4,4,6.2,ARI
2025,44,20,quantile,0.45,-1,2.9643,ARI
2025,44,20,quantile,0.45,0,3.6392,ARI
2025,44,20,quantile,0.45,1,4.4132,ARI
2025,44,20,quantile,0.45,2,5.1129,ARI
2025,44,20,quantile,0.45,3,5.9912,ARI
2025,44,20,quantile,0.45,4,6.8846,ARI
2025,44,20,quantile,0.5,-1,3.3095,ARI
2025,44,20,quantile,0.5,0,4.1704,ARI
2025,44,20,quantile,0.5,1,4.9947,ARI
2025,44,20,quantile,0.5,2,5.6444,ARI
2025,44,20,quantile,0.5,3,6.6231,ARI
2025,44,20,quantile,0.5,4,7.4515,ARI
2025,44,20,quantile,0.55,-1,3.7383,ARI
2025,44,20,quantile,0.55,0,4.6642,ARI
2025,44,20,quantile,0.55,1,5.4605,ARI
2025,44,20,quantile,0.55,2,6.351,ARI
2025,44,20,quantile,0.55,3,7.1274,ARI
2025,44,20,quantile,0.55,4,8.1658,ARI
2025,44,20,quantile,0.6,-1,4.103,ARI
2025,44,20,quantile,0.6,0,5.0532,ARI
2025,44,20,quantile,0.6,1,5.9969,ARI
2025,44,20,quantile,0.6,2,6.8692,ARI
2025,44,20,quantile,0.6,3,7.7154,ARI
2025,44,20,quantile,0.6,4,8.5812,ARI
2025,44,20,quantile,0.65,-1,4.7775,ARI
2025,44,20,quantile,0.65,0,5.5795,ARI
2025,44,20,quantile,0.65,1,6.4891,ARI
2025,44,20,quantile,0.65,2,7.5254,ARI
2025,44,20,quantile,0.65,3,8.4439,ARI
2025,44,20,quantile,0.65,4,9.131,ARI
2025,44,20,quantile,0.7,-1,5.2392,ARI
2025,44,20,quantile,0.7,0,6.0919,ARI
2025,44,20,quantile,0.7,1,7.3183,ARI
2025,44,20,quantile,0.7,2,8.4886,ARI
2025,44,20,quantile,0.7,3,9.5208,ARI
2025,44,20,quantile,0.7,4,10.1226,ARI
2025,44,20,quantile,0.75,-1,6.2048,ARI
2025,44,20,quantile,0.75,0,7.1753,ARI
2025,44,20,quantile,0.75,1,8.0809,ARI
2025,44,20,quantile,0.75,2,9.6362,ARI
2025,44,20,quantile,0.75,3,10.6371,ARI
2025,44,20,quantile,0.75,4,11.3802,ARI
2025,44,20,quantile,0.8,-1,6.9423,ARI
2025,44,20,quantile,0.8,0,8.2531,ARI
2025,44,20,quantile,0.8,1,9.6029,ARI
2025,44,20,quantile,0.8,2,10.8438,ARI
2025,44,20,quantile,0.8,3,12.1205,ARI
2025,44,20,quantile,0.8,4,12.3642,ARI
2025,44,20,quantile,0.85,-1,9.3759,ARI
2025,44,20,quantile,0.85,0,10.1661,ARI
2025,44,20,quantile,0.85,1,11.2316,ARI
2025,44,20,quantile,0.85,2,12.1274,ARI
2025,44,20,quantile,0.85,3,12.8511,ARI
2025,44,20,quantile,0.85,4,14.2228,ARI
2025,44,20,quantile,0.9,-1,11.3003,ARI
2025,44,20,quantile,0.9,0,12.6102,ARI
2025,44,20,quantile,0.9,1,13.5905,ARI
2025,44,20,quantile,0.9,2,14.4157,ARI
2025,44,20,quantile,0.9,3,14.7332,ARI
2025,44,20,quantile,0.9,4,15.6152,ARI
2025,44,20,quantile,0.95,-1,14.1034,ARI
2025,44,20,quantile,0.95,0,15.4836,ARI
2025,44,20,quantile,0.95,1,16.1541,ARI
2025,44,20,quantile,0.95,2,16.0274,ARI
2025,44,20,quantile,0.95,3,17.2017,ARI
2025,44,20,quantile,0.95,4,17.646,ARI
2025,44,20,quantile,0.975,-1,19.0806,ARI
2025,44,20,quantile,0.975,0,18.9791,ARI
2025,44,20,quantile,0.975,1,18.2429,ARI
2025,44,20,quantile,0.975,2,18.6411,ARI
2025,44,20,quantile,0.975,3,18.7211,ARI
2025,44,20,quantile,0.975,4,19.6144,ARI
2025,44,20,quantile,0.99,-1,22.384,ARI
2025,44,20,quantile,0.99,0,21.6172,ARI
2025,44,20,quantile,0.99,1,20.6012,ARI
2025,44,20,quantile,0.99,2,22.5406,ARI
2025,44,20,quantile,0.99,3,21.4504,ARI
2025,44,20,quantile,0.99,4,21.6658,ARI
2025,44,21,quantile,0.01,-1,0.408,ARI
2025,44,21,quantile,0.01,0,0.4893,ARI
2025,44,21,quantile,0.01,1,0.5674,ARI
2025,44,21,quantile,0.01,2,0.699,ARI
2025,44,21,quantile,0.01,3,0.6942,ARI
2025,44,21,quantile,0.01,4,0.7794,ARI
2025,44,21,quantile,0.025,-1,0.5364,ARI
2025,44,21,quantile,0.025,0,0.6646,ARI
2025,44,21,quantile,0.025,1,0.8665,ARI
2025,44,21,quantile,0.025,2,0.9683,ARI
2025,44,21,quantile,0.025,3,1.089,ARI
2025,44,21,quantile,0.025,4,1.083,ARI
2025,44,21,quantile,0.05,-1,0.8085,ARI
2025,44,21,quantile,0.05,0,1.0842,ARI
2025,44,21,quantile,0.05,1,1.2859,ARI
2025,44,21,quantile,0.05,2,1.5196,ARI
2025,44,21,quantile,0.05,3,1.606,ARI
2025,44,21,quantile,0.05,4,1.8589,ARI
2025,44,21,quantile,0.1,-1,1.1731,ARI
2025,44,21,quantile,0.1,0,1.4745,ARI
2025,44,21,quantile,0.1,1,1.7093,ARI
2025,44,21,quantile,0.1,2,2.138,ARI
2025,44,21,quantile,0.1,3,2.4645,ARI
2025,44,21,quantile,0.1,4,2.7242,ARI
2025,44,21,quantile,0.15,-1,1.5449,ARI
2025,44,21,quantile,0.15,0,1.8767,ARI
2025,44,21,quantile,0.15,1,2.3211,ARI
2025,44,21,quantile,0.15,2,2.6719,ARI
2025,44,21,quantile,0.15,3,3.0935,ARI
2025,44,21,quantile,0.15,4,3.5368,ARI
2025,44,21,quantile,0.2,-1,1.743,ARI
2025,44,21,quantile,0.2,0,2.1425,ARI
2025,44,21,quantile,0.2,1,2.6978,ARI
2025,44,21,quantile,0.2,2,3.1483,ARI
2025,44,21,quantile,0.2,3,3.7496,ARI
2025,44,21,quantile,0.2,4,4.1182,ARI
2025,44,21,quantile,0.25,-1,1.9913,ARI
2025,44,21,quantile,0.25,0,2.4767,ARI
2025,44,21,quantile,0.25,1,3.0511,ARI
2025,44,21,quantile,0.25,2,3.5874,ARI
2025,44,21,quantile,0.25,3,4.232,ARI
2025,44,21,quantile,0.25,4,4.8282,ARI
2025,44,21,quantile,0.3,-1,2.2619,ARI
2025,44,21,quantile,0.3,0,2.7793,ARI
2025,44,21,quantile,0.3,1,3.4549,ARI
2025,44,21,quantile,0.3,2,4.1701,ARI
2025,44,21,quantile,0.3,3,4.8059,ARI
2025,44,21,quantile,0.3,4,5.4616,ARI
2025,44,21,quantile,0.35,-1,2.6722,ARI
2025,44,21,quantile,0.35,0,3.2241,ARI
2025,44,21,quantile,0.35,1,3.9778,ARI
2025,44,21,quantile,0.35,2,4.8694,ARI
2025,44,21,quantile,0.35,3,5.6025,ARI
2025,44,21,quantile,0.35,4,6.0782,ARI
2025,44,21,quantile,0.4,-1,2.9239,ARI
2025,44,21,quantile,0.4,0,3.5653,ARI
2025,44,21,quantile,0.4,1,4.335,ARI
2025,44,21,quantile,0.4,2,5.2557,ARI
2025,44,21,quantile,0.4,3,5.9212,ARI
2025,44,21,quantile,0.4,4,6.5714,ARI
2025,44,21,quantile,0.45,-1,3.2013,ARI
2025,44,21,quantile,0.45,0,4.1093,ARI
2025,44,21,quantile,0.45,1,4.7396,ARI
2025,44,21,quantile,0.45,2,5.801,ARI
2025,44,21,quantile,0.45,3,6.7124,ARI
2025,44,21,quantile,0.45,4,7.0367,ARI
2025,44,21,quantile,0.5,-1,3.9092,ARI
2025,44,21,quantile,0.5,0,4.6315,ARI
2025,44,21,quantile,0.5,1,5.5096,ARI
2025,44,21,quantile,0.5,2,6.3874,ARI
2025,44,21,quantile,0.5,3,7.187,ARI
2025,44,21,quantile,0.5,4,7.5741,ARI
2025,44,21,quantile,0.55,-1,4.232,ARI
2025,44,21,quantile,0.55,0,5.1741,ARI
2025,44,21,quantile,0.55,1,5.991,ARI
2025,44,21,quantile,0.55,2,6.9118,ARI
2025,44,21,quantile,0.55,3,7.5045,ARI
2025,44,21,quantile,0.55,4,8.1719,ARI
2025,44,21,quantile,0.6,-1,4.7512,ARI
2025,44,21,quantile,0.6,0,5.6806,ARI
2025,44,21,quantile,0.6,1,6.7057,ARI
2025,44,21,quantile,0.6,2,7.5239,ARI
2025,44,21,quantile,0.6,3,8.1713,ARI
2025,44,21,quantile,0.6,4,8.6589,ARI
2025,44,21,quantile,0.65,-1,5.2912,ARI
2025,44,21,quantile,0.65,0,6.3048,ARI
2025,44,21,quantile,0.65,1,7.5185,ARI
2025,44,21,quantile,0.65,2,7.9457,ARI
2025,44,21,quantile,0.65,3,8.7491,ARI
2025,44,21,quantile,0.65,4,9.2949,ARI
2025,44,21,quantile,0.7,-1,6.7574,ARI
2025,44,21,quantile,0.7,0,7.5005,ARI
2025,44,21,quantile,0.7,1,8.3957,ARI
2025,44,21,quantile,0.7,2,8.5681,ARI
2025,44,21,quantile,0.7,3,9.1541,ARI
2025,44,21,quantile,0.7,4,9.805,ARI
2025,44,21,quantile,0.75,-1,7.9945,ARI
2025,44,21,quantile,0.75,0,8.5602,ARI
2025,44,21,quantile,0.75,1,9.4018,ARI
2025,44,21,quantile,0.75,2,9.9232,ARI
2025,44,21,quantile,0.75,3,10.0103,ARI
2025,44,21,quantile,0.75,4,10.6866,ARI
2025,44,21,quantile,0.8,-1,9.5696,ARI
2025,44,21,quantile,0.8,0,10.3435,ARI
2025,44,21,quantile,0.8,1,10.5164,ARI
2025,44,21,quantile,0.8,2,10.9328,ARI
2025,44,21,quantile,0.8,3,10.845,ARI
2025,44,21,quantile,0.8,4,11.6223,ARI
2025,44,21,quantile,0.85,-1,11.9711,ARI
2025,44,21,quantile,0.85,0,12.2045,ARI
2025,44,21,quantile,0.85,1,12.0917,ARI
2025,44,21,quantile,0.85,2,12.1828,ARI
2025,44,21,quantile,0.85,3,12.0838,ARI
2025,44,21,quantile,0.85,4,12.6747,ARI
2025,44,21,quantile,0.9,-1,18.1963,ARI
2025,44,21,quantile,0.9,0,15.2354,ARI
2025,44,21,quantile,0.9,1,13.8713,ARI
2025,44,21,quantile,0.9,2,13.4734,ARI
2025,44,21,quantile,0.9,3,13.7574,ARI
2025,44,21,quantile,0.9,4,14.2576,ARI
2025,44,21,quantile,0.95,-1,23.1223,ARI
2025,44,21,quantile,0.95,0,19.6534,ARI
2025,44,21,quantile,0.95,1,16.8589,ARI
2025,44,21,quantile,0.95,2,15.0593,ARI
2025,44,21,quantile,0.95,3,15.2332,ARI
2025,44,21,quantile,0.95,4,15.7536,ARI
2025,44,21,quantile,0.975,-1,26.8349,ARI
2025,44,21,quantile,0.975,0,23.9102,ARI
2025,44,21,quantile,0.975,1,18.9275,ARI
2025,44,21,quantile,0.975,2,16.0155,ARI
2025,44,21,quantile,0.975,3,16.065,ARI
2025,44,21,quantile,0.975,4,18.1418,ARI
2025,44,21,quantile,0.99,-1,31.7583,ARI
2025,44,21,quantile,0.99,0,25.7663,ARI
2025,44,21,quantile,0.99,1,21.4225,ARI
2025,44,21,quantile,0.99,2,19.0745,ARI
2025,44,21,quantile,0.99,3,18.9179,ARI
2025,44,21,quantile,0.99,4,20.4373,ARI
