anno,settimana,luogo,tipo_valore,id_valore,orizzonte,valore,target
2026,09,IT,quantile,0.01,-1,8.0113,ARI
2026,09,IT,quantile,0.01,0,6.9482,ARI
2026,09,IT,quantile,0.01,1,5.9401,ARI
2026,09,IT,quantile,0.01,2,5.0498,ARI
2026,09,IT,quantile,0.01,3,4.2578,ARI
2026,09,IT,quantile,0.01,4,3.5735,ARI
2026,09,IT,quantile,0.025,-1,8.0315,ARI
2026,09,IT,quantile,0.025,0,6.9679,ARI
2026,09,IT,quantile,0.025,1,5.987,ARI
2026,09,IT,quantile,0.025,2,5.1068,ARI
2026,09,IT,quantile,0.025,3,4.3287,ARI
2026,09,IT,quantile,0.025,4,3.6358,ARI
2026,09,IT,quantile,0.05,-1,8.0512,ARI
2026,09,IT,quantile,0.05,0,7.0012,ARI
2026,09,IT,quantile,0.05,1,6.0328,ARI
2026,09,IT,quantile,0.05,2,5.151,ARI
2026,09,IT,quantile,0.05,3,4.3676,ARI
2026,09,IT,quantile,0.05,4,3.6858,ARI
2026,09,IT,quantile,0.1,-1,8.0765,ARI
2026,09,IT,quantile,0.1,0,7.0339,ARI
2026,09,IT,quantile,0.1,1,6.0614,ARI
2026,09,IT,quantile,0.1,2,5.1894,ARI
2026,09,IT,quantile,0.1,3,4.4135,ARI
2026,09,IT,quantile,0.1,4,3.7475,ARI
2026,09,IT,quantile,0.15,-1,8.0907,ARI
2026,09,IT,quantile,0.15,0,7.0499,ARI
2026,09,IT,quantile,0.15,1,6.0867,ARI
2026,09,IT,quantile,0.15,2,5.2128,ARI
2026,09,IT,quantile,0.15,3,4.4469,ARI
2026,09,IT,quantile,0.15,4,3.7722,ARI
2026,09,IT,quantile,0.2,-1,8.1115,ARI
2026,09,IT,quantile,0.2,0,7.0721,ARI
2026,09,IT,quantile,0.2,1,6.105,ARI
2026,09,IT,quantile,0.2,2,5.243,ARI
2026,09,IT,quantile,0.2,3,4.4744,ARI
2026,09,IT,quantile,0.2,4,3.8012,ARI
2026,09,IT,quantile,0.25,-1,8.1218,ARI
2026,09,IT,quantile,0.25,0,7.0883,ARI
2026,09,IT,quantile,0.25,1,6.1234,ARI
2026,09,IT,quantile,0.25,2,5.2581,ARI
2026,09,IT,quantile,0.25,3,4.4943,ARI
2026,09,IT,quantile,0.25,4,3.832,ARI
2026,09,IT,quantile,0.3,-1,8.1331,ARI
2026,09,IT,quantile,0.3,0,7.0996,ARI
2026,09,IT,quantile,0.3,1,6.142,ARI
2026,09,IT,quantile,0.3,2,5.274,ARI
2026,09,IT,quantile,0.3,3,4.5121,ARI
2026,09,IT,quantile,0.3,4,3.853,ARI
2026,09,IT,quantile,0.35,-1,8.1397,ARI
2026,09,IT,quantile,0.35,0,7.1072,ARI
2026,09,IT,quantile,0.35,1,6.1545,ARI
2026,09,IT,quantile,0.35,2,5.2942,ARI
2026,09,IT,quantile,0.35,3,4.5312,ARI
2026,09,IT,quantile,0.35,4,3.8675,ARI
2026,09,IT,quantile,0.4,-1,8.1444,ARI
2026,09,IT,quantile,0.4,0,7.1225,ARI
2026,09,IT,quantile,0.4,1,6.1747,ARI
2026,09,IT,quantile,0.4,2,5.317,ARI
2026,09,IT,quantile,0.4,3,4.5525,ARI
2026,09,IT,quantile,0.4,4,3.8908,ARI
2026,09,IT,quantile,0.45,-1,8.1543,ARI
2026,09,IT,quantile,0.45,0,7.1379,ARI
2026,09,IT,quantile,0.45,1,6.1864,ARI
2026,09,IT,quantile,0.45,2,5.3323,ARI
2026,09,IT,quantile,0.45,3,4.5723,ARI
2026,09,IT,quantile,0.45,4,3.9106,ARI
2026,09,IT,quantile,0.5,-1,8.1601,ARI
2026,09,IT,quantile,0.5,0,7.1521,ARI
2026,09,IT,quantile,0.5,1,6.2066,ARI
2026,09,IT,quantile,0.5,2,5.3546,ARI
2026,09,IT,quantile,0.5,3,4.5944,ARI
2026,09,IT,quantile,0.5,4,3.9272,ARI
2026,09,IT,quantile,0.55,-1,8.1685,ARI
2026,09,IT,quantile,0.55,0,7.1626,ARI
2026,09,IT,quantile,0.55,1,6.2297,ARI
2026,09,IT,quantile,0.55,2,5.3744,ARI
2026,09,IT,quantile,0.55,3,4.6129,ARI
2026,09,IT,quantile,0.55,4,3.9414,ARI
2026,09,IT,quantile,0.6,-1,8.1743,ARI
2026,09,IT,quantile,0.6,0,7.1781,ARI
2026,09,IT,quantile,0.6,1,6.2464,ARI
2026,09,IT,quantile,0.6,2,5.3948,ARI
2026,09,IT,quantile,0.6,3,4.6282,ARI
2026,09,IT,quantile,0.6,4,3.9653,ARI
2026,09,IT,quantile,0.65,-1,8.1841,ARI
2026,09,IT,quantile,0.65,0,7.1987,ARI
2026,09,IT,quantile,0.65,1,6.2754,ARI
2026,09,IT,quantile,0.65,2,5.4351,ARI
2026,09,IT,quantile,0.65,3,4.6755,ARI
2026,09,IT,quantile,0.65,4,3.9896,ARI
2026,09,IT,quantile,0.7,-1,8.1965,ARI
2026,09,IT,quantile,0.7,0,7.2098,ARI
2026,09,IT,quantile,0.7,1,6.2997,ARI
2026,09,IT,quantile,0.7,2,5.4626,ARI
2026,09,IT,quantile,0.7,3,4.7118,ARI
2026,09,IT,quantile,0.7,4,4.0259,ARI
2026,09,IT,quantile,0.75,-1,8.2032,ARI
2026,09,IT,quantile,0.75,0,7.2313,ARI
2026,09,IT,quantile,0.75,1,6.3294,ARI
2026,09,IT,quantile,0.75,2,5.5001,ARI
2026,09,IT,quantile,0.75,3,4.7372,ARI
2026,09,IT,quantile,0.75,4,4.0612,ARI
2026,09,IT,quantile,0.8,-1,8.2227,ARI
2026,09,IT,quantile,0.8,0,7.253,ARI
2026,09,IT,quantile,0.8,1,6.3573,ARI
2026,09,IT,quantile,0.8,2,5.5342,ARI
2026,09,IT,quantile,0.8,3,4.777,ARI
2026,09,IT,quantile,0.8,4,4.0957,ARI
2026,09,IT,quantile,0.85,-1,8.2436,ARI
2026,09,IT,quantile,0.85,0,7.2692,ARI
2026,09,IT,quantile,0.85,1,6.3988,ARI
2026,09,IT,quantile,0.85,2,5.5696,ARI
2026,09,IT,quantile,0.85,3,4.8232,ARI
2026,09,IT,quantile,0.85,4,4.1465,ARI
2026,09,IT,quantile,0.9,-1,8.2624,ARI
2026,09,IT,quantile,0.9,0,7.2994,ARI
2026,09,IT,quantile,0.9,1,6.4263,ARI
2026,09,IT,quantile,0.9,2,5.6214,ARI
2026,09,IT,quantile,0.9,3,4.8752,ARI
2026,09,IT,quantile,0.9,4,4.2169,ARI
2026,09,IT,quantile,0.95,-1,8.2833,ARI
2026,09,IT,quantile,0.95,0,7.3558,ARI
2026,09,IT,quantile,0.95,1,6.5028,ARI
2026,09,IT,quantile,0.95,2,5.6804,ARI
2026,09,IT,quantile,0.95,3,4.9438,ARI
2026,09,IT,quantile,0.95,4,4.2848,ARI
2026,09,IT,quantile,0.975,-1,8.3037,ARI
2026,09,IT,quantile,0.975,0,7.4001,ARI
2026,09,IT,quantile,0.975,1,6.5683,ARI
2026,09,IT,quantile,0.975,2,5.82,ARI
2026,09,IT,quantile,0.975,3,5.1227,ARI
2026,09,IT,quantile,0.975,4,4.4371,ARI
2026,09,IT,quantile,0.99,-1,8.36,ARI
2026,09,IT,quantile,0.99,0,7.4362,ARI
2026,09,IT,quantile,0.99,1,6.6243,ARI
2026,09,IT,quantile,0.99,2,5.8866,ARI
2026,09,IT,quantile,0.99,3,5.2156,ARI
2026,09,IT,quantile,0.99,4,4.5746,ARI
2026,09,01,quantile,0.01,-1,1.0558,ARI
2026,09,01,quantile,0.01,0,0.8718,ARI
2026,09,01,quantile,0.01,1,0.7238,ARI
2026,09,01,quantile,0.01,2,0.6031,ARI
2026,09,01,quantile,0.01,3,0.5044,ARI
2026,09,01,quantile,0.01,4,0.4237,ARI
2026,09,01,quantile,0.025,-1,1.7423,ARI
2026,09,01,quantile,0.025,0,1.4518,ARI
2026,09,01,quantile,0.025,1,1.2127,ARI
2026,09,01,quantile,0.025,2,1.0142,ARI
2026,09,01,quantile,0.025,3,0.85,ARI
2026,09,01,quantile,0.025,4,0.7311,ARI
2026,09,01,quantile,0.05,-1,3.0653,ARI
2026,09,01,quantile,0.05,0,2.5066,ARI
2026,09,01,quantile,0.05,1,2.0853,ARI
2026,09,01,quantile,0.05,2,1.7511,ARI
2026,09,01,quantile,0.05,3,1.4767,ARI
2026,09,01,quantile,0.05,4,1.2343,ARI
2026,09,01,quantile,0.1,-1,3.9054,ARI
2026,09,01,quantile,0.1,0,3.2346,ARI
2026,09,01,quantile,0.1,1,2.7155,ARI
2026,09,01,quantile,0.1,2,2.2392,ARI
2026,09,01,quantile,0.1,3,1.8622,ARI
2026,09,01,quantile,0.1,4,1.5672,ARI
2026,09,01,quantile,0.15,-1,4.6639,ARI
2026,09,01,quantile,0.15,0,3.8724,ARI
2026,09,01,quantile,0.15,1,3.3029,ARI
2026,09,01,quantile,0.15,2,2.7897,ARI
2026,09,01,quantile,0.15,3,2.2985,ARI
2026,09,01,quantile,0.15,4,1.9202,ARI
2026,09,01,quantile,0.2,-1,5.467,ARI
2026,09,01,quantile,0.2,0,4.5715,ARI
2026,09,01,quantile,0.2,1,3.8258,ARI
2026,09,01,quantile,0.2,2,3.1805,ARI
2026,09,01,quantile,0.2,3,2.6803,ARI
2026,09,01,quantile,0.2,4,2.2517,ARI
2026,09,01,quantile,0.25,-1,6.2772,ARI
2026,09,01,quantile,0.25,0,5.2653,ARI
2026,09,01,quantile,0.25,1,4.4141,ARI
2026,09,01,quantile,0.25,2,3.7134,ARI
2026,09,01,quantile,0.25,3,3.1321,ARI
2026,09,01,quantile,0.25,4,2.6208,ARI
2026,09,01,quantile,0.3,-1,6.8207,ARI
2026,09,01,quantile,0.3,0,5.7805,ARI
2026,09,01,quantile,0.3,1,4.9193,ARI
2026,09,01,quantile,0.3,2,4.093,ARI
2026,09,01,quantile,0.3,3,3.4525,ARI
2026,09,01,quantile,0.3,4,2.9154,ARI
2026,09,01,quantile,0.35,-1,7.3062,ARI
2026,09,01,quantile,0.35,0,6.2468,ARI
2026,09,01,quantile,0.35,1,5.2623,ARI
2026,09,01,quantile,0.35,2,4.4469,ARI
2026,09,01,quantile,0.35,3,3.7125,ARI
2026,09,01,quantile,0.35,4,3.1201,ARI
2026,09,01,quantile,0.4,-1,7.7151,ARI
2026,09,01,quantile,0.4,0,6.527,ARI
2026,09,01,quantile,0.4,1,5.5726,ARI
2026,09,01,quantile,0.4,2,4.6581,ARI
2026,09,01,quantile,0.4,3,3.9105,ARI
2026,09,01,quantile,0.4,4,3.3004,ARI
2026,09,01,quantile,0.45,-1,8.2459,ARI
2026,09,01,quantile,0.45,0,6.9281,ARI
2026,09,01,quantile,0.45,1,5.849,ARI
2026,09,01,quantile,0.45,2,4.9714,ARI
2026,09,01,quantile,0.45,3,4.1873,ARI
2026,09,01,quantile,0.45,4,3.5593,ARI
2026,09,01,quantile,0.5,-1,8.8215,ARI
2026,09,01,quantile,0.5,0,7.5757,ARI
2026,09,01,quantile,0.5,1,6.417,ARI
2026,09,01,quantile,0.5,2,5.3724,ARI
2026,09,01,quantile,0.5,3,4.521,ARI
2026,09,01,quantile,0.5,4,3.8562,ARI
2026,09,01,quantile,0.55,-1,9.2467,ARI
2026,09,01,quantile,0.55,0,7.9103,ARI
2026,09,01,quantile,0.55,1,6.7294,ARI
2026,09,01,quantile,0.55,2,5.6788,ARI
2026,09,01,quantile,0.55,3,4.7932,ARI
2026,09,01,quantile,0.55,4,4.0576,ARI
2026,09,01,quantile,0.6,-1,9.8123,ARI
2026,09,01,quantile,0.6,0,8.4296,ARI
2026,09,01,quantile,0.6,1,7.273,ARI
2026,09,01,quantile,0.6,2,6.1669,ARI
2026,09,01,quantile,0.6,3,5.2499,ARI
2026,09,01,quantile,0.6,4,4.4095,ARI
2026,09,01,quantile,0.65,-1,10.5299,ARI
2026,09,01,quantile,0.65,0,9.1441,ARI
2026,09,01,quantile,0.65,1,7.9209,ARI
2026,09,01,quantile,0.65,2,6.7875,ARI
2026,09,01,quantile,0.65,3,5.7513,ARI
2026,09,01,quantile,0.65,4,4.7739,ARI
2026,09,01,quantile,0.7,-1,11.4166,ARI
2026,09,01,quantile,0.7,0,9.9654,ARI
2026,09,01,quantile,0.7,1,8.507,ARI
2026,09,01,quantile,0.7,2,7.2493,ARI
2026,09,01,quantile,0.7,3,6.2178,ARI
2026,09,01,quantile,0.7,4,5.2243,ARI
2026,09,01,quantile,0.75,-1,11.9682,ARI
2026,09,01,quantile,0.75,0,10.5838,ARI
2026,09,01,quantile,0.75,1,9.1796,ARI
2026,09,01,quantile,0.75,2,7.8083,ARI
2026,09,01,quantile,0.75,3,6.6485,ARI
2026,09,01,quantile,0.75,4,5.6788,ARI
2026,09,01,quantile,0.8,-1,12.53,ARI
2026,09,01,quantile,0.8,0,11.2427,ARI
2026,09,01,quantile,0.8,1,9.9831,ARI
2026,09,01,quantile,0.8,2,8.7974,ARI
2026,09,01,quantile,0.8,3,7.5045,ARI
2026,09,01,quantile,0.8,4,6.4968,ARI
2026,09,01,quantile,0.85,-1,13.2719,ARI
2026,09,01,quantile,0.85,0,11.9596,ARI
2026,09,01,quantile,0.85,1,10.8244,ARI
2026,09,01,quantile,0.85,2,9.5341,ARI
2026,09,01,quantile,0.85,3,8.3517,ARI
2026,09,01,quantile,0.85,4,7.1588,ARI
2026,09,01,quantile,0.9,-1,14.8681,ARI
2026,09,01,quantile,0.9,0,13.6322,ARI
2026,09,01,quantile,0.9,1,12.3312,ARI
2026,09,01,quantile,0.9,2,10.8733,ARI
2026,09,01,quantile,0.9,3,9.4135,ARI
2026,09,01,quantile,0.9,4,8.2244,ARI
2026,09,01,quantile,0.95,-1,15.8982,ARI
2026,09,01,quantile,0.95,0,15.2881,ARI
2026,09,01,quantile,0.95,1,14.4097,ARI
2026,09,01,quantile,0.95,2,13.2048,ARI
2026,09,01,quantile,0.95,3,11.749,ARI
2026,09,01,quantile,0.95,4,10.3083,ARI
2026,09,01,quantile,0.975,-1,17.8965,ARI
2026,09,01,quantile,0.975,0,16.6299,ARI
2026,09,01,quantile,0.975,1,15.7735,ARI
2026,09,01,quantile,0.975,2,14.8999,ARI
2026,09,01,quantile,0.975,3,13.2444,ARI
2026,09,01,quantile,0.975,4,11.7538,ARI
2026,09,01,quantile,0.99,-1,18.6507,ARI
2026,09,01,quantile,0.99,0,18.5564,ARI
2026,09,01,quantile,0.99,1,17.139,ARI
2026,09,01,quantile,0.99,2,15.7736,ARI
2026,09,01,quantile,0.99,3,15.3442,ARI
2026,09,01,quantile,0.99,4,13.7307,ARI
2026,09,02,quantile,0.01,-1,1.581,ARI
2026,09,02,quantile,0.01,0,1.3265,ARI
2026,09,02,quantile,0.01,1,1.1166,ARI
2026,09,02,quantile,0.01,2,0.9348,ARI
2026,09,02,quantile,0.01,3,0.7828,ARI
2026,09,02,quantile,0.01,4,0.6568,ARI
2026,09,02,quantile,0.025,-1,2.1304,ARI
2026,09,02,quantile,0.025,0,1.9242,ARI
2026,09,02,quantile,0.025,1,1.5926,ARI
2026,09,02,quantile,0.025,2,1.3239,ARI
2026,09,02,quantile,0.025,3,1.1051,ARI
2026,09,02,quantile,0.025,4,0.9253,ARI
2026,09,02,quantile,0.05,-1,2.8404,ARI
2026,09,02,quantile,0.05,0,2.3638,ARI
2026,09,02,quantile,0.05,1,1.9606,ARI
2026,09,02,quantile,0.05,2,1.6383,ARI
2026,09,02,quantile,0.05,3,1.3755,ARI
2026,09,02,quantile,0.05,4,1.1594,ARI
2026,09,02,quantile,0.1,-1,3.9834,ARI
2026,09,02,quantile,0.1,0,3.2669,ARI
2026,09,02,quantile,0.1,1,2.6956,ARI
2026,09,02,quantile,0.1,2,2.2265,ARI
2026,09,02,quantile,0.1,3,1.881,ARI
2026,09,02,quantile,0.1,4,1.5817,ARI
2026,09,02,quantile,0.15,-1,4.7123,ARI
2026,09,02,quantile,0.15,0,3.9246,ARI
2026,09,02,quantile,0.15,1,3.2916,ARI
2026,09,02,quantile,0.15,2,2.7331,ARI
2026,09,02,quantile,0.15,3,2.301,ARI
2026,09,02,quantile,0.15,4,1.9449,ARI
2026,09,02,quantile,0.2,-1,5.3336,ARI
2026,09,02,quantile,0.2,0,4.3815,ARI
2026,09,02,quantile,0.2,1,3.6635,ARI
2026,09,02,quantile,0.2,2,3.0727,ARI
2026,09,02,quantile,0.2,3,2.5764,ARI
2026,09,02,quantile,0.2,4,2.1645,ARI
2026,09,02,quantile,0.25,-1,6.008,ARI
2026,09,02,quantile,0.25,0,5.0774,ARI
2026,09,02,quantile,0.25,1,4.284,ARI
2026,09,02,quantile,0.25,2,3.6111,ARI
2026,09,02,quantile,0.25,3,3.0247,ARI
2026,09,02,quantile,0.25,4,2.5424,ARI
2026,09,02,quantile,0.3,-1,6.493,ARI
2026,09,02,quantile,0.3,0,5.4926,ARI
2026,09,02,quantile,0.3,1,4.604,ARI
2026,09,02,quantile,0.3,2,3.8205,ARI
2026,09,02,quantile,0.3,3,3.1562,ARI
2026,09,02,quantile,0.3,4,2.6404,ARI
2026,09,02,quantile,0.35,-1,6.986,ARI
2026,09,02,quantile,0.35,0,5.8383,ARI
2026,09,02,quantile,0.35,1,4.8624,ARI
2026,09,02,quantile,0.35,2,4.0732,ARI
2026,09,02,quantile,0.35,3,3.422,ARI
2026,09,02,quantile,0.35,4,2.8727,ARI
2026,09,02,quantile,0.4,-1,7.3429,ARI
2026,09,02,quantile,0.4,0,6.1431,ARI
2026,09,02,quantile,0.4,1,5.1754,ARI
2026,09,02,quantile,0.4,2,4.3882,ARI
2026,09,02,quantile,0.4,3,3.7182,ARI
2026,09,02,quantile,0.4,4,3.1088,ARI
2026,09,02,quantile,0.45,-1,7.8438,ARI
2026,09,02,quantile,0.45,0,6.68,ARI
2026,09,02,quantile,0.45,1,5.6023,ARI
2026,09,02,quantile,0.45,2,4.6953,ARI
2026,09,02,quantile,0.45,3,3.9525,ARI
2026,09,02,quantile,0.45,4,3.3196,ARI
2026,09,02,quantile,0.5,-1,8.3811,ARI
2026,09,02,quantile,0.5,0,7.1329,ARI
2026,09,02,quantile,0.5,1,6.0215,ARI
2026,09,02,quantile,0.5,2,5.0681,ARI
2026,09,02,quantile,0.5,3,4.2561,ARI
2026,09,02,quantile,0.5,4,3.5465,ARI
2026,09,02,quantile,0.55,-1,8.9556,ARI
2026,09,02,quantile,0.55,0,7.642,ARI
2026,09,02,quantile,0.55,1,6.4547,ARI
2026,09,02,quantile,0.55,2,5.3519,ARI
2026,09,02,quantile,0.55,3,4.4523,ARI
2026,09,02,quantile,0.55,4,3.7473,ARI
2026,09,02,quantile,0.6,-1,9.4264,ARI
2026,09,02,quantile,0.6,0,8.0986,ARI
2026,09,02,quantile,0.6,1,6.9359,ARI
2026,09,02,quantile,0.6,2,5.9151,ARI
2026,09,02,quantile,0.6,3,5.0188,ARI
2026,09,02,quantile,0.6,4,4.2599,ARI
2026,09,02,quantile,0.65,-1,10.1892,ARI
2026,09,02,quantile,0.65,0,8.7031,ARI
2026,09,02,quantile,0.65,1,7.4346,ARI
2026,09,02,quantile,0.65,2,6.3332,ARI
2026,09,02,quantile,0.65,3,5.3485,ARI
2026,09,02,quantile,0.65,4,4.5856,ARI
2026,09,02,quantile,0.7,-1,10.7281,ARI
2026,09,02,quantile,0.7,0,9.253,ARI
2026,09,02,quantile,0.7,1,7.899,ARI
2026,09,02,quantile,0.7,2,6.671,ARI
2026,09,02,quantile,0.7,3,5.6366,ARI
2026,09,02,quantile,0.7,4,4.7534,ARI
2026,09,02,quantile,0.75,-1,11.3272,ARI
2026,09,02,quantile,0.75,0,9.8065,ARI
2026,09,02,quantile,0.75,1,8.3579,ARI
2026,09,02,quantile,0.75,2,7.1599,ARI
2026,09,02,quantile,0.75,3,6.0875,ARI
2026,09,02,quantile,0.75,4,5.1244,ARI
2026,09,02,quantile,0.8,-1,11.9748,ARI
2026,09,02,quantile,0.8,0,10.5164,ARI
2026,09,02,quantile,0.8,1,9.1057,ARI
2026,09,02,quantile,0.8,2,7.792,ARI
2026,09,02,quantile,0.8,3,6.5855,ARI
2026,09,02,quantile,0.8,4,5.5839,ARI
2026,09,02,quantile,0.85,-1,12.9731,ARI
2026,09,02,quantile,0.85,0,11.4781,ARI
2026,09,02,quantile,0.85,1,10.0673,ARI
2026,09,02,quantile,0.85,2,8.6992,ARI
2026,09,02,quantile,0.85,3,7.4634,ARI
2026,09,02,quantile,0.85,4,6.3149,ARI
2026,09,02,quantile,0.9,-1,14.1291,ARI
2026,09,02,quantile,0.9,0,12.7667,ARI
2026,09,02,quantile,0.9,1,11.2406,ARI
2026,09,02,quantile,0.9,2,9.8233,ARI
2026,09,02,quantile,0.9,3,8.4473,ARI
2026,09,02,quantile,0.9,4,7.3405,ARI
2026,09,02,quantile,0.95,-1,15.9735,ARI
2026,09,02,quantile,0.95,0,14.9413,ARI
2026,09,02,quantile,0.95,1,13.5863,ARI
2026,09,02,quantile,0.95,2,12.0696,ARI
2026,09,02,quantile,0.95,3,10.5028,ARI
2026,09,02,quantile,0.95,4,9.0674,ARI
2026,09,02,quantile,0.975,-1,17.7466,ARI
2026,09,02,quantile,0.975,0,16.2363,ARI
2026,09,02,quantile,0.975,1,14.9224,ARI
2026,09,02,quantile,0.975,2,13.9394,ARI
2026,09,02,quantile,0.975,3,12.6971,ARI
2026,09,02,quantile,0.975,4,10.8045,ARI
2026,09,02,quantile,0.99,-1,19.5414,ARI
2026,09,02,quantile,0.99,0,18.9955,ARI
2026,09,02,quantile,0.99,1,17.753,ARI
2026,09,02,quantile,0.99,2,16.0366,ARI
2026,09,02,quantile,0.99,3,14.0805,ARI
2026,09,02,quantile,0.99,4,12.0919,ARI
2026,09,03,quantile,0.01,-1,0.7678,ARI
2026,09,03,quantile,0.01,0,0.6461,ARI
2026,09,03,quantile,0.01,1,0.5455,ARI
2026,09,03,quantile,0.01,2,0.4622,ARI
2026,09,03,quantile,0.01,3,0.3892,ARI
2026,09,03,quantile,0.01,4,0.3265,ARI
2026,09,03,quantile,0.025,-1,1.3695,ARI
2026,09,03,quantile,0.025,0,1.1356,ARI
2026,09,03,quantile,0.025,1,0.9441,ARI
2026,09,03,quantile,0.025,2,0.7995,ARI
2026,09,03,quantile,0.025,3,0.687,ARI
2026,09,03,quantile,0.025,4,0.5919,ARI
2026,09,03,quantile,0.05,-1,2.8642,ARI
2026,09,03,quantile,0.05,0,2.3817,ARI
2026,09,03,quantile,0.05,1,1.9825,ARI
2026,09,03,quantile,0.05,2,1.642,ARI
2026,09,03,quantile,0.05,3,1.3628,ARI
2026,09,03,quantile,0.05,4,1.1334,ARI
2026,09,03,quantile,0.1,-1,4.136,ARI
2026,09,03,quantile,0.1,0,3.4095,ARI
2026,09,03,quantile,0.1,1,2.8575,ARI
2026,09,03,quantile,0.1,2,2.3554,ARI
2026,09,03,quantile,0.1,3,1.9764,ARI
2026,09,03,quantile,0.1,4,1.6731,ARI
2026,09,03,quantile,0.15,-1,4.9263,ARI
2026,09,03,quantile,0.15,0,4.0919,ARI
2026,09,03,quantile,0.15,1,3.3945,ARI
2026,09,03,quantile,0.15,2,2.8395,ARI
2026,09,03,quantile,0.15,3,2.3875,ARI
2026,09,03,quantile,0.15,4,1.9819,ARI
2026,09,03,quantile,0.2,-1,5.4816,ARI
2026,09,03,quantile,0.2,0,4.5952,ARI
2026,09,03,quantile,0.2,1,3.7752,ARI
2026,09,03,quantile,0.2,2,3.0975,ARI
2026,09,03,quantile,0.2,3,2.5995,ARI
2026,09,03,quantile,0.2,4,2.1826,ARI
2026,09,03,quantile,0.25,-1,6.1867,ARI
2026,09,03,quantile,0.25,0,5.2519,ARI
2026,09,03,quantile,0.25,1,4.4139,ARI
2026,09,03,quantile,0.25,2,3.6633,ARI
2026,09,03,quantile,0.25,3,3.0308,ARI
2026,09,03,quantile,0.25,4,2.5391,ARI
2026,09,03,quantile,0.3,-1,6.6834,ARI
2026,09,03,quantile,0.3,0,5.617,ARI
2026,09,03,quantile,0.3,1,4.7328,ARI
2026,09,03,quantile,0.3,2,3.9738,ARI
2026,09,03,quantile,0.3,3,3.3193,ARI
2026,09,03,quantile,0.3,4,2.7559,ARI
2026,09,03,quantile,0.35,-1,7.0734,ARI
2026,09,03,quantile,0.35,0,5.9669,ARI
2026,09,03,quantile,0.35,1,5.0063,ARI
2026,09,03,quantile,0.35,2,4.2236,ARI
2026,09,03,quantile,0.35,3,3.5225,ARI
2026,09,03,quantile,0.35,4,2.9503,ARI
2026,09,03,quantile,0.4,-1,7.4563,ARI
2026,09,03,quantile,0.4,0,6.2744,ARI
2026,09,03,quantile,0.4,1,5.2316,ARI
2026,09,03,quantile,0.4,2,4.3925,ARI
2026,09,03,quantile,0.4,3,3.6676,ARI
2026,09,03,quantile,0.4,4,3.0724,ARI
2026,09,03,quantile,0.45,-1,7.759,ARI
2026,09,03,quantile,0.45,0,6.5462,ARI
2026,09,03,quantile,0.45,1,5.479,ARI
2026,09,03,quantile,0.45,2,4.6216,ARI
2026,09,03,quantile,0.45,3,3.9203,ARI
2026,09,03,quantile,0.45,4,3.331,ARI
2026,09,03,quantile,0.5,-1,8.316,ARI
2026,09,03,quantile,0.5,0,7.0497,ARI
2026,09,03,quantile,0.5,1,5.9414,ARI
2026,09,03,quantile,0.5,2,5.0268,ARI
2026,09,03,quantile,0.5,3,4.2364,ARI
2026,09,03,quantile,0.5,4,3.5806,ARI
2026,09,03,quantile,0.55,-1,8.8656,ARI
2026,09,03,quantile,0.55,0,7.5466,ARI
2026,09,03,quantile,0.55,1,6.427,ARI
2026,09,03,quantile,0.55,2,5.4866,ARI
2026,09,03,quantile,0.55,3,4.619,ARI
2026,09,03,quantile,0.55,4,3.8709,ARI
2026,09,03,quantile,0.6,-1,9.5273,ARI
2026,09,03,quantile,0.6,0,8.2396,ARI
2026,09,03,quantile,0.6,1,6.894,ARI
2026,09,03,quantile,0.6,2,5.8267,ARI
2026,09,03,quantile,0.6,3,4.9301,ARI
2026,09,03,quantile,0.6,4,4.1603,ARI
2026,09,03,quantile,0.65,-1,10.3286,ARI
2026,09,03,quantile,0.65,0,8.832,ARI
2026,09,03,quantile,0.65,1,7.6103,ARI
2026,09,03,quantile,0.65,2,6.4872,ARI
2026,09,03,quantile,0.65,3,5.4431,ARI
2026,09,03,quantile,0.65,4,4.5239,ARI
2026,09,03,quantile,0.7,-1,10.8049,ARI
2026,09,03,quantile,0.7,0,9.4936,ARI
2026,09,03,quantile,0.7,1,8.1353,ARI
2026,09,03,quantile,0.7,2,6.8782,ARI
2026,09,03,quantile,0.7,3,5.7838,ARI
2026,09,03,quantile,0.7,4,4.884,ARI
2026,09,03,quantile,0.75,-1,11.4915,ARI
2026,09,03,quantile,0.75,0,9.9742,ARI
2026,09,03,quantile,0.75,1,8.6745,ARI
2026,09,03,quantile,0.75,2,7.4198,ARI
2026,09,03,quantile,0.75,3,6.27,ARI
2026,09,03,quantile,0.75,4,5.3244,ARI
2026,09,03,quantile,0.8,-1,12.7552,ARI
2026,09,03,quantile,0.8,0,11.1889,ARI
2026,09,03,quantile,0.8,1,9.597,ARI
2026,09,03,quantile,0.8,2,8.2281,ARI
2026,09,03,quantile,0.8,3,7.1533,ARI
2026,09,03,quantile,0.8,4,5.9826,ARI
2026,09,03,quantile,0.85,-1,13.6904,ARI
2026,09,03,quantile,0.85,0,12.3586,ARI
2026,09,03,quantile,0.85,1,11.0301,ARI
2026,09,03,quantile,0.85,2,9.667,ARI
2026,09,03,quantile,0.85,3,8.3739,ARI
2026,09,03,quantile,0.85,4,7.205,ARI
2026,09,03,quantile,0.9,-1,14.9657,ARI
2026,09,03,quantile,0.9,0,14.2785,ARI
2026,09,03,quantile,0.9,1,12.8592,ARI
2026,09,03,quantile,0.9,2,11.2377,ARI
2026,09,03,quantile,0.9,3,9.6251,ARI
2026,09,03,quantile,0.9,4,8.1983,ARI
2026,09,03,quantile,0.95,-1,16.5083,ARI
2026,09,03,quantile,0.95,0,15.7439,ARI
2026,09,03,quantile,0.95,1,14.7862,ARI
2026,09,03,quantile,0.95,2,13.5427,ARI
2026,09,03,quantile,0.95,3,12.0366,ARI
2026,09,03,quantile,0.95,4,10.7348,ARI
2026,09,03,quantile,0.975,-1,17.3293,ARI
2026,09,03,quantile,0.975,0,16.8207,ARI
2026,09,03,quantile,0.975,1,15.9924,ARI
2026,09,03,quantile,0.975,2,14.8881,ARI
2026,09,03,quantile,0.975,3,13.5339,ARI
2026,09,03,quantile,0.975,4,11.8794,ARI
2026,09,03,quantile,0.99,-1,18.8048,ARI
2026,09,03,quantile,0.99,0,18.5396,ARI
2026,09,03,quantile,0.99,1,17.9636,ARI
2026,09,03,quantile,0.99,2,16.7823,ARI
2026,09,03,quantile,0.99,3,15.6706,ARI
2026,09,03,quantile,0.99,4,14.3692,ARI
2026,09,04,quantile,0.01,-1,0.5601,ARI
2026,09,04,quantile,0.01,0,0.4563,ARI
2026,09,04,quantile,0.01,1,0.3724,ARI
2026,09,04,quantile,0.01,2,0.3046,ARI
2026,09,04,quantile,0.01,3,0.2494,ARI
2026,09,04,quantile,0.01,4,0.2047,ARI
2026,09,04,quantile,0.025,-1,1.7873,ARI
2026,09,04,quantile,0.025,0,1.4888,ARI
2026,09,04,quantile,0.025,1,1.2451,ARI
2026,09,04,quantile,0.025,2,1.0452,ARI
2026,09,04,quantile,0.025,3,0.8807,ARI
2026,09,04,quantile,0.025,4,0.7443,ARI
2026,09,04,quantile,0.05,-1,3.1622,ARI
2026,09,04,quantile,0.05,0,2.6303,ARI
2026,09,04,quantile,0.05,1,2.182,ARI
2026,09,04,quantile,0.05,2,1.8139,ARI
2026,09,04,quantile,0.05,3,1.5251,ARI
2026,09,04,quantile,0.05,4,1.2873,ARI
2026,09,04,quantile,0.1,-1,4.0434,ARI
2026,09,04,quantile,0.1,0,3.3371,ARI
2026,09,04,quantile,0.1,1,2.7649,ARI
2026,09,04,quantile,0.1,2,2.3266,ARI
2026,09,04,quantile,0.1,3,1.9365,ARI
2026,09,04,quantile,0.1,4,1.6298,ARI
2026,09,04,quantile,0.15,-1,4.6928,ARI
2026,09,04,quantile,0.15,0,3.9298,ARI
2026,09,04,quantile,0.15,1,3.2179,ARI
2026,09,04,quantile,0.15,2,2.688,ARI
2026,09,04,quantile,0.15,3,2.2511,ARI
2026,09,04,quantile,0.15,4,1.8739,ARI
2026,09,04,quantile,0.2,-1,5.1852,ARI
2026,09,04,quantile,0.2,0,4.3516,ARI
2026,09,04,quantile,0.2,1,3.6618,ARI
2026,09,04,quantile,0.2,2,3.0596,ARI
2026,09,04,quantile,0.2,3,2.557,ARI
2026,09,04,quantile,0.2,4,2.1205,ARI
2026,09,04,quantile,0.25,-1,5.683,ARI
2026,09,04,quantile,0.25,0,4.6847,ARI
2026,09,04,quantile,0.25,1,3.8892,ARI
2026,09,04,quantile,0.25,2,3.2489,ARI
2026,09,04,quantile,0.25,3,2.7017,ARI
2026,09,04,quantile,0.25,4,2.2865,ARI
2026,09,04,quantile,0.3,-1,5.9158,ARI
2026,09,04,quantile,0.3,0,4.9931,ARI
2026,09,04,quantile,0.3,1,4.1764,ARI
2026,09,04,quantile,0.3,2,3.5068,ARI
2026,09,04,quantile,0.3,3,2.9327,ARI
2026,09,04,quantile,0.3,4,2.4549,ARI
2026,09,04,quantile,0.35,-1,6.3434,ARI
2026,09,04,quantile,0.35,0,5.2656,ARI
2026,09,04,quantile,0.35,1,4.4019,ARI
2026,09,04,quantile,0.35,2,3.6924,ARI
2026,09,04,quantile,0.35,3,3.1239,ARI
2026,09,04,quantile,0.35,4,2.6337,ARI
2026,09,04,quantile,0.4,-1,6.667,ARI
2026,09,04,quantile,0.4,0,5.6116,ARI
2026,09,04,quantile,0.4,1,4.6974,ARI
2026,09,04,quantile,0.4,2,3.9065,ARI
2026,09,04,quantile,0.4,3,3.2487,ARI
2026,09,04,quantile,0.4,4,2.7393,ARI
2026,09,04,quantile,0.45,-1,6.9601,ARI
2026,09,04,quantile,0.45,0,5.8709,ARI
2026,09,04,quantile,0.45,1,4.9145,ARI
2026,09,04,quantile,0.45,2,4.122,ARI
2026,09,04,quantile,0.45,3,3.455,ARI
2026,09,04,quantile,0.45,4,2.8848,ARI
2026,09,04,quantile,0.5,-1,7.3535,ARI
2026,09,04,quantile,0.5,0,6.1683,ARI
2026,09,04,quantile,0.5,1,5.19,ARI
2026,09,04,quantile,0.5,2,4.3413,ARI
2026,09,04,quantile,0.5,3,3.629,ARI
2026,09,04,quantile,0.5,4,3.0545,ARI
2026,09,04,quantile,0.55,-1,7.653,ARI
2026,09,04,quantile,0.55,0,6.4176,ARI
2026,09,04,quantile,0.55,1,5.4305,ARI
2026,09,04,quantile,0.55,2,4.5896,ARI
2026,09,04,quantile,0.55,3,3.8582,ARI
2026,09,04,quantile,0.55,4,3.2139,ARI
2026,09,04,quantile,0.6,-1,8.1483,ARI
2026,09,04,quantile,0.6,0,6.873,ARI
2026,09,04,quantile,0.6,1,5.7347,ARI
2026,09,04,quantile,0.6,2,4.8492,ARI
2026,09,04,quantile,0.6,3,4.0699,ARI
2026,09,04,quantile,0.6,4,3.426,ARI
2026,09,04,quantile,0.65,-1,8.3651,ARI
2026,09,04,quantile,0.65,0,7.2183,ARI
2026,09,04,quantile,0.65,1,6.1502,ARI
2026,09,04,quantile,0.65,2,5.2178,ARI
2026,09,04,quantile,0.65,3,4.4178,ARI
2026,09,04,quantile,0.65,4,3.763,ARI
2026,09,04,quantile,0.7,-1,9.094,ARI
2026,09,04,quantile,0.7,0,7.883,ARI
2026,09,04,quantile,0.7,1,6.8236,ARI
2026,09,04,quantile,0.7,2,5.833,ARI
2026,09,04,quantile,0.7,3,4.9274,ARI
2026,09,04,quantile,0.7,4,4.188,ARI
2026,09,04,quantile,0.75,-1,9.9053,ARI
2026,09,04,quantile,0.75,0,8.712,ARI
2026,09,04,quantile,0.75,1,7.4768,ARI
2026,09,04,quantile,0.75,2,6.4136,ARI
2026,09,04,quantile,0.75,3,5.4384,ARI
2026,09,04,quantile,0.75,4,4.6316,ARI
2026,09,04,quantile,0.8,-1,10.6838,ARI
2026,09,04,quantile,0.8,0,9.3413,ARI
2026,09,04,quantile,0.8,1,8.05,ARI
2026,09,04,quantile,0.8,2,7.1205,ARI
2026,09,04,quantile,0.8,3,6.1156,ARI
2026,09,04,quantile,0.8,4,5.1074,ARI
2026,09,04,quantile,0.85,-1,12.1224,ARI
2026,09,04,quantile,0.85,0,10.5604,ARI
2026,09,04,quantile,0.85,1,9.2444,ARI
2026,09,04,quantile,0.85,2,8.0095,ARI
2026,09,04,quantile,0.85,3,6.8507,ARI
2026,09,04,quantile,0.85,4,5.8494,ARI
2026,09,04,quantile,0.9,-1,14.3261,ARI
2026,09,04,quantile,0.9,0,12.9622,ARI
2026,09,04,quantile,0.9,1,11.0743,ARI
2026,09,04,quantile,0.9,2,9.344,ARI
2026,09,04,quantile,0.9,3,8.1839,ARI
2026,09,04,quantile,0.9,4,7.0648,ARI
2026,09,04,quantile,0.95,-1,15.8926,ARI
2026,09,04,quantile,0.95,0,15.3799,ARI
2026,09,04,quantile,0.95,1,14.7101,ARI
2026,09,04,quantile,0.95,2,13.4882,ARI
2026,09,04,quantile,0.95,3,11.8791,ARI
2026,09,04,quantile,0.95,4,10.51,ARI
2026,09,04,quantile,0.975,-1,17.7777,ARI
2026,09,04,quantile,0.975,0,17.0777,ARI
2026,09,04,quantile,0.975,1,16.4235,ARI
2026,09,04,quantile,0.975,2,15.5716,ARI
2026,09,04,quantile,0.975,3,14.148,ARI
2026,09,04,quantile,0.975,4,12.2164,ARI
2026,09,04,quantile,0.99,-1,18.9299,ARI
2026,09,04,quantile,0.99,0,19.0891,ARI
2026,09,04,quantile,0.99,1,18.5807,ARI
2026,09,04,quantile,0.99,2,16.7878,ARI
2026,09,04,quantile,0.99,3,15.3093,ARI
2026,09,04,quantile,0.99,4,13.9108,ARI
2026,09,05,quantile,0.01,-1,0.7352,ARI
2026,09,05,quantile,0.01,0,0.6208,ARI
2026,09,05,quantile,0.01,1,0.5317,ARI
2026,09,05,quantile,0.01,2,0.4557,ARI
2026,09,05,quantile,0.01,3,0.3908,ARI
2026,09,05,quantile,0.01,4,0.3349,ARI
2026,09,05,quantile,0.025,-1,1.8135,ARI
2026,09,05,quantile,0.025,0,1.5158,ARI
2026,09,05,quantile,0.025,1,1.2706,ARI
2026,09,05,quantile,0.025,2,1.068,ARI
2026,09,05,quantile,0.025,3,0.8999,ARI
2026,09,05,quantile,0.025,4,0.7597,ARI
2026,09,05,quantile,0.05,-1,2.6909,ARI
2026,09,05,quantile,0.05,0,2.3824,ARI
2026,09,05,quantile,0.05,1,1.9845,ARI
2026,09,05,quantile,0.05,2,1.6541,ARI
2026,09,05,quantile,0.05,3,1.3877,ARI
2026,09,05,quantile,0.05,4,1.1345,ARI
2026,09,05,quantile,0.1,-1,3.8373,ARI
2026,09,05,quantile,0.1,0,3.1608,ARI
2026,09,05,quantile,0.1,1,2.6542,ARI
2026,09,05,quantile,0.1,2,2.2711,ARI
2026,09,05,quantile,0.1,3,1.9172,ARI
2026,09,05,quantile,0.1,4,1.6195,ARI
2026,09,05,quantile,0.15,-1,4.7264,ARI
2026,09,05,quantile,0.15,0,3.9372,ARI
2026,09,05,quantile,0.15,1,3.2695,ARI
2026,09,05,quantile,0.15,2,2.7083,ARI
2026,09,05,quantile,0.15,3,2.2813,ARI
2026,09,05,quantile,0.15,4,1.8928,ARI
2026,09,05,quantile,0.2,-1,5.1999,ARI
2026,09,05,quantile,0.2,0,4.3146,ARI
2026,09,05,quantile,0.2,1,3.5843,ARI
2026,09,05,quantile,0.2,2,2.9656,ARI
2026,09,05,quantile,0.2,3,2.5053,ARI
2026,09,05,quantile,0.2,4,2.1273,ARI
2026,09,05,quantile,0.25,-1,5.5978,ARI
2026,09,05,quantile,0.25,0,4.6745,ARI
2026,09,05,quantile,0.25,1,3.888,ARI
2026,09,05,quantile,0.25,2,3.2295,ARI
2026,09,05,quantile,0.25,3,2.6895,ARI
2026,09,05,quantile,0.25,4,2.2629,ARI
2026,09,05,quantile,0.3,-1,6.0484,ARI
2026,09,05,quantile,0.3,0,5.053,ARI
2026,09,05,quantile,0.3,1,4.1816,ARI
2026,09,05,quantile,0.3,2,3.5472,ARI
2026,09,05,quantile,0.3,3,2.9643,ARI
2026,09,05,quantile,0.3,4,2.4777,ARI
2026,09,05,quantile,0.35,-1,6.4108,ARI
2026,09,05,quantile,0.35,0,5.4033,ARI
2026,09,05,quantile,0.35,1,4.4739,ARI
2026,09,05,quantile,0.35,2,3.7235,ARI
2026,09,05,quantile,0.35,3,3.0943,ARI
2026,09,05,quantile,0.35,4,2.6094,ARI
2026,09,05,quantile,0.4,-1,6.7746,ARI
2026,09,05,quantile,0.4,0,5.6633,ARI
2026,09,05,quantile,0.4,1,4.7583,ARI
2026,09,05,quantile,0.4,2,3.9871,ARI
2026,09,05,quantile,0.4,3,3.3114,ARI
2026,09,05,quantile,0.4,4,2.7851,ARI
2026,09,05,quantile,0.45,-1,7.1388,ARI
2026,09,05,quantile,0.45,0,6.0432,ARI
2026,09,05,quantile,0.45,1,5.0702,ARI
2026,09,05,quantile,0.45,2,4.2398,ARI
2026,09,05,quantile,0.45,3,3.5493,ARI
2026,09,05,quantile,0.45,4,2.9795,ARI
2026,09,05,quantile,0.5,-1,7.6515,ARI
2026,09,05,quantile,0.5,0,6.4397,ARI
2026,09,05,quantile,0.5,1,5.4595,ARI
2026,09,05,quantile,0.5,2,4.565,ARI
2026,09,05,quantile,0.5,3,3.8498,ARI
2026,09,05,quantile,0.5,4,3.2625,ARI
2026,09,05,quantile,0.55,-1,8.0628,ARI
2026,09,05,quantile,0.55,0,6.9288,ARI
2026,09,05,quantile,0.55,1,5.8758,ARI
2026,09,05,quantile,0.55,2,4.9532,ARI
2026,09,05,quantile,0.55,3,4.1428,ARI
2026,09,05,quantile,0.55,4,3.4707,ARI
2026,09,05,quantile,0.6,-1,8.6414,ARI
2026,09,05,quantile,0.6,0,7.3173,ARI
2026,09,05,quantile,0.6,1,6.1806,ARI
2026,09,05,quantile,0.6,2,5.1526,ARI
2026,09,05,quantile,0.6,3,4.3219,ARI
2026,09,05,quantile,0.6,4,3.6099,ARI
2026,09,05,quantile,0.65,-1,9.073,ARI
2026,09,05,quantile,0.65,0,7.7202,ARI
2026,09,05,quantile,0.65,1,6.5534,ARI
2026,09,05,quantile,0.65,2,5.5339,ARI
2026,09,05,quantile,0.65,3,4.6776,ARI
2026,09,05,quantile,0.65,4,3.9884,ARI
2026,09,05,quantile,0.7,-1,9.8517,ARI
2026,09,05,quantile,0.7,0,8.4234,ARI
2026,09,05,quantile,0.7,1,7.2065,ARI
2026,09,05,quantile,0.7,2,6.0619,ARI
2026,09,05,quantile,0.7,3,5.08,ARI
2026,09,05,quantile,0.7,4,4.2768,ARI
2026,09,05,quantile,0.75,-1,10.5805,ARI
2026,09,05,quantile,0.75,0,9.0899,ARI
2026,09,05,quantile,0.75,1,7.8379,ARI
2026,09,05,quantile,0.75,2,6.6662,ARI
2026,09,05,quantile,0.75,3,5.717,ARI
2026,09,05,quantile,0.75,4,4.8089,ARI
2026,09,05,quantile,0.8,-1,11.362,ARI
2026,09,05,quantile,0.8,0,10.0222,ARI
2026,09,05,quantile,0.8,1,8.6617,ARI
2026,09,05,quantile,0.8,2,7.4459,ARI
2026,09,05,quantile,0.8,3,6.2787,ARI
2026,09,05,quantile,0.8,4,5.2604,ARI
2026,09,05,quantile,0.85,-1,12.7837,ARI
2026,09,05,quantile,0.85,0,11.2386,ARI
2026,09,05,quantile,0.85,1,9.8399,ARI
2026,09,05,quantile,0.85,2,8.4808,ARI
2026,09,05,quantile,0.85,3,7.2623,ARI
2026,09,05,quantile,0.85,4,6.2046,ARI
2026,09,05,quantile,0.9,-1,14.206,ARI
2026,09,05,quantile,0.9,0,13.1293,ARI
2026,09,05,quantile,0.9,1,11.6673,ARI
2026,09,05,quantile,0.9,2,10.2554,ARI
2026,09,05,quantile,0.9,3,8.8475,ARI
2026,09,05,quantile,0.9,4,7.5364,ARI
2026,09,05,quantile,0.95,-1,16.6421,ARI
2026,09,05,quantile,0.95,0,16.0579,ARI
2026,09,05,quantile,0.95,1,14.574,ARI
2026,09,05,quantile,0.95,2,12.9752,ARI
2026,09,05,quantile,0.95,3,11.3116,ARI
2026,09,05,quantile,0.95,4,10.0726,ARI
2026,09,05,quantile,0.975,-1,17.9456,ARI
2026,09,05,quantile,0.975,0,18.115,ARI
2026,09,05,quantile,0.975,1,17.3806,ARI
2026,09,05,quantile,0.975,2,15.6405,ARI
2026,09,05,quantile,0.975,3,14.3619,ARI
2026,09,05,quantile,0.975,4,13.0569,ARI
2026,09,05,quantile,0.99,-1,19.4885,ARI
2026,09,05,quantile,0.99,0,18.7817,ARI
2026,09,05,quantile,0.99,1,19.7861,ARI
2026,09,05,quantile,0.99,2,19.6369,ARI
2026,09,05,quantile,0.99,3,17.9864,ARI
2026,09,05,quantile,0.99,4,15.9328,ARI
2026,09,06,quantile,0.01,-1,1.698,ARI
2026,09,06,quantile,0.01,0,1.4241,ARI
2026,09,06,quantile,0.01,1,1.1981,ARI
2026,09,06,quantile,0.01,2,1.0114,ARI
2026,09,06,quantile,0.01,3,0.8566,ARI
2026,09,06,quantile,0.01,4,0.7269,ARI
2026,09,06,quantile,0.025,-1,2.4627,ARI
2026,09,06,quantile,0.025,0,2.0553,ARI
2026,09,06,quantile,0.025,1,1.7068,ARI
2026,09,06,quantile,0.025,2,1.4081,ARI
2026,09,06,quantile,0.025,3,1.2025,ARI
2026,09,06,quantile,0.025,4,1.0284,ARI
2026,09,06,quantile,0.05,-1,3.4266,ARI
2026,09,06,quantile,0.05,0,2.8764,ARI
2026,09,06,quantile,0.05,1,2.4224,ARI
2026,09,06,quantile,0.05,2,2.0234,ARI
2026,09,06,quantile,0.05,3,1.6747,ARI
2026,09,06,quantile,0.05,4,1.3895,ARI
2026,09,06,quantile,0.1,-1,4.4847,ARI
2026,09,06,quantile,0.1,0,3.7647,ARI
2026,09,06,quantile,0.1,1,3.1861,ARI
2026,09,06,quantile,0.1,2,2.6505,ARI
2026,09,06,quantile,0.1,3,2.1964,ARI
2026,09,06,quantile,0.1,4,1.816,ARI
2026,09,06,quantile,0.15,-1,5.2719,ARI
2026,09,06,quantile,0.15,0,4.4713,ARI
2026,09,06,quantile,0.15,1,3.7564,ARI
2026,09,06,quantile,0.15,2,3.1491,ARI
2026,09,06,quantile,0.15,3,2.6603,ARI
2026,09,06,quantile,0.15,4,2.1895,ARI
2026,09,06,quantile,0.2,-1,5.9257,ARI
2026,09,06,quantile,0.2,0,4.9141,ARI
2026,09,06,quantile,0.2,1,4.1151,ARI
2026,09,06,quantile,0.2,2,3.4484,ARI
2026,09,06,quantile,0.2,3,2.8495,ARI
2026,09,06,quantile,0.2,4,2.4039,ARI
2026,09,06,quantile,0.25,-1,6.2728,ARI
2026,09,06,quantile,0.25,0,5.2759,ARI
2026,09,06,quantile,0.25,1,4.4003,ARI
2026,09,06,quantile,0.25,2,3.6894,ARI
2026,09,06,quantile,0.25,3,3.1122,ARI
2026,09,06,quantile,0.25,4,2.615,ARI
2026,09,06,quantile,0.3,-1,6.7559,ARI
2026,09,06,quantile,0.3,0,5.7065,ARI
2026,09,06,quantile,0.3,1,4.739,ARI
2026,09,06,quantile,0.3,2,3.9778,ARI
2026,09,06,quantile,0.3,3,3.3416,ARI
2026,09,06,quantile,0.3,4,2.8057,ARI
2026,09,06,quantile,0.35,-1,7.1965,ARI
2026,09,06,quantile,0.35,0,6.0835,ARI
2026,09,06,quantile,0.35,1,5.1279,ARI
2026,09,06,quantile,0.35,2,4.2688,ARI
2026,09,06,quantile,0.35,3,3.5927,ARI
2026,09,06,quantile,0.35,4,3.0302,ARI
2026,09,06,quantile,0.4,-1,7.7826,ARI
2026,09,06,quantile,0.4,0,6.5588,ARI
2026,09,06,quantile,0.4,1,5.5342,ARI
2026,09,06,quantile,0.4,2,4.6516,ARI
2026,09,06,quantile,0.4,3,3.8875,ARI
2026,09,06,quantile,0.4,4,3.2613,ARI
2026,09,06,quantile,0.45,-1,8.4042,ARI
2026,09,06,quantile,0.45,0,7.1476,ARI
2026,09,06,quantile,0.45,1,5.9917,ARI
2026,09,06,quantile,0.45,2,5.0281,ARI
2026,09,06,quantile,0.45,3,4.2279,ARI
2026,09,06,quantile,0.45,4,3.5236,ARI
2026,09,06,quantile,0.5,-1,8.8905,ARI
2026,09,06,quantile,0.5,0,7.5424,ARI
2026,09,06,quantile,0.5,1,6.3643,ARI
2026,09,06,quantile,0.5,2,5.4005,ARI
2026,09,06,quantile,0.5,3,4.546,ARI
2026,09,06,quantile,0.5,4,3.8229,ARI
2026,09,06,quantile,0.55,-1,9.3767,ARI
2026,09,06,quantile,0.55,0,8.1314,ARI
2026,09,06,quantile,0.55,1,6.8117,ARI
2026,09,06,quantile,0.55,2,5.6841,ARI
2026,09,06,quantile,0.55,3,4.7674,ARI
2026,09,06,quantile,0.55,4,3.9993,ARI
2026,09,06,quantile,0.6,-1,9.9919,ARI
2026,09,06,quantile,0.6,0,8.5672,ARI
2026,09,06,quantile,0.6,1,7.2631,ARI
2026,09,06,quantile,0.6,2,6.1217,ARI
2026,09,06,quantile,0.6,3,5.148,ARI
2026,09,06,quantile,0.6,4,4.3507,ARI
2026,09,06,quantile,0.65,-1,10.3628,ARI
2026,09,06,quantile,0.65,0,9.0634,ARI
2026,09,06,quantile,0.65,1,7.7627,ARI
2026,09,06,quantile,0.65,2,6.5477,ARI
2026,09,06,quantile,0.65,3,5.6106,ARI
2026,09,06,quantile,0.65,4,4.7446,ARI
2026,09,06,quantile,0.7,-1,11.0373,ARI
2026,09,06,quantile,0.7,0,9.7723,ARI
2026,09,06,quantile,0.7,1,8.428,ARI
2026,09,06,quantile,0.7,2,7.1262,ARI
2026,09,06,quantile,0.7,3,6.0086,ARI
2026,09,06,quantile,0.7,4,5.1102,ARI
2026,09,06,quantile,0.75,-1,11.7806,ARI
2026,09,06,quantile,0.75,0,10.4333,ARI
2026,09,06,quantile,0.75,1,9.2673,ARI
2026,09,06,quantile,0.75,2,7.9724,ARI
2026,09,06,quantile,0.75,3,6.7718,ARI
2026,09,06,quantile,0.75,4,5.7201,ARI
2026,09,06,quantile,0.8,-1,12.5555,ARI
2026,09,06,quantile,0.8,0,11.1466,ARI
2026,09,06,quantile,0.8,1,9.985,ARI
2026,09,06,quantile,0.8,2,8.6009,ARI
2026,09,06,quantile,0.8,3,7.4621,ARI
2026,09,06,quantile,0.8,4,6.2918,ARI
2026,09,06,quantile,0.85,-1,13.6799,ARI
2026,09,06,quantile,0.85,0,12.3203,ARI
2026,09,06,quantile,0.85,1,11.2324,ARI
2026,09,06,quantile,0.85,2,9.9001,ARI
2026,09,06,quantile,0.85,3,8.6536,ARI
2026,09,06,quantile,0.85,4,7.3393,ARI
2026,09,06,quantile,0.9,-1,14.9034,ARI
2026,09,06,quantile,0.9,0,13.8504,ARI
2026,09,06,quantile,0.9,1,12.4795,ARI
2026,09,06,quantile,0.9,2,11.0129,ARI
2026,09,06,quantile,0.9,3,9.5968,ARI
2026,09,06,quantile,0.9,4,8.4482,ARI
2026,09,06,quantile,0.95,-1,16.026,ARI
2026,09,06,quantile,0.95,0,15.4392,ARI
2026,09,06,quantile,0.95,1,14.5582,ARI
2026,09,06,quantile,0.95,2,13.5259,ARI
2026,09,06,quantile,0.95,3,12.2636,ARI
2026,09,06,quantile,0.95,4,10.9553,ARI
2026,09,06,quantile,0.975,-1,17.0255,ARI
2026,09,06,quantile,0.975,0,17.025,ARI
2026,09,06,quantile,0.975,1,16.1953,ARI
2026,09,06,quantile,0.975,2,14.8428,ARI
2026,09,06,quantile,0.975,3,13.601,ARI
2026,09,06,quantile,0.975,4,12.9219,ARI
2026,09,06,quantile,0.99,-1,18.6353,ARI
2026,09,06,quantile,0.99,0,17.694,ARI
2026,09,06,quantile,0.99,1,17.3766,ARI
2026,09,06,quantile,0.99,2,17.2608,ARI
2026,09,06,quantile,0.99,3,16.5785,ARI
2026,09,06,quantile,0.99,4,15.4142,ARI
2026,09,07,quantile,0.01,-1,1.4671,ARI
2026,09,07,quantile,0.01,0,1.2108,ARI
2026,09,07,quantile,0.01,1,1.0028,ARI
2026,09,07,quantile,0.01,2,0.833,ARI
2026,09,07,quantile,0.01,3,0.694,ARI
2026,09,07,quantile,0.01,4,0.5794,ARI
2026,09,07,quantile,0.025,-1,2.4602,ARI
2026,09,07,quantile,0.025,0,2.0043,ARI
2026,09,07,quantile,0.025,1,1.696,ARI
2026,09,07,quantile,0.025,2,1.4417,ARI
2026,09,07,quantile,0.025,3,1.2189,ARI
2026,09,07,quantile,0.025,4,1.0218,ARI
2026,09,07,quantile,0.05,-1,3.2251,ARI
2026,09,07,quantile,0.05,0,2.6025,ARI
2026,09,07,quantile,0.05,1,2.1162,ARI
2026,09,07,quantile,0.05,2,1.7688,ARI
2026,09,07,quantile,0.05,3,1.49,ARI
2026,09,07,quantile,0.05,4,1.2562,ARI
2026,09,07,quantile,0.1,-1,4.0079,ARI
2026,09,07,quantile,0.1,0,3.3598,ARI
2026,09,07,quantile,0.1,1,2.8001,ARI
2026,09,07,quantile,0.1,2,2.33,ARI
2026,09,07,quantile,0.1,3,1.9329,ARI
2026,09,07,quantile,0.1,4,1.6357,ARI
2026,09,07,quantile,0.15,-1,4.4527,ARI
2026,09,07,quantile,0.15,0,3.7039,ARI
2026,09,07,quantile,0.15,1,3.1274,ARI
2026,09,07,quantile,0.15,2,2.6362,ARI
2026,09,07,quantile,0.15,3,2.2099,ARI
2026,09,07,quantile,0.15,4,1.8566,ARI
2026,09,07,quantile,0.2,-1,4.8785,ARI
2026,09,07,quantile,0.2,0,4.0543,ARI
2026,09,07,quantile,0.2,1,3.4048,ARI
2026,09,07,quantile,0.2,2,2.8761,ARI
2026,09,07,quantile,0.2,3,2.4168,ARI
2026,09,07,quantile,0.2,4,2.0046,ARI
2026,09,07,quantile,0.25,-1,5.3717,ARI
2026,09,07,quantile,0.25,0,4.4438,ARI
2026,09,07,quantile,0.25,1,3.7143,ARI
2026,09,07,quantile,0.25,2,3.0618,ARI
2026,09,07,quantile,0.25,3,2.5587,ARI
2026,09,07,quantile,0.25,4,2.1518,ARI
2026,09,07,quantile,0.3,-1,5.8786,ARI
2026,09,07,quantile,0.3,0,4.8401,ARI
2026,09,07,quantile,0.3,1,3.9885,ARI
2026,09,07,quantile,0.3,2,3.2915,ARI
2026,09,07,quantile,0.3,3,2.7325,ARI
2026,09,07,quantile,0.3,4,2.3085,ARI
2026,09,07,quantile,0.35,-1,6.1259,ARI
2026,09,07,quantile,0.35,0,5.1055,ARI
2026,09,07,quantile,0.35,1,4.2681,ARI
2026,09,07,quantile,0.35,2,3.5791,ARI
2026,09,07,quantile,0.35,3,3.009,ARI
2026,09,07,quantile,0.35,4,2.5334,ARI
2026,09,07,quantile,0.4,-1,6.4489,ARI
2026,09,07,quantile,0.4,0,5.436,ARI
2026,09,07,quantile,0.4,1,4.5255,ARI
2026,09,07,quantile,0.4,2,3.8054,ARI
2026,09,07,quantile,0.4,3,3.1746,ARI
2026,09,07,quantile,0.4,4,2.6615,ARI
2026,09,07,quantile,0.45,-1,6.8859,ARI
2026,09,07,quantile,0.45,0,5.7691,ARI
2026,09,07,quantile,0.45,1,4.8082,ARI
2026,09,07,quantile,0.45,2,4.0288,ARI
2026,09,07,quantile,0.45,3,3.3703,ARI
2026,09,07,quantile,0.45,4,2.8256,ARI
2026,09,07,quantile,0.5,-1,7.2011,ARI
2026,09,07,quantile,0.5,0,6.0525,ARI
2026,09,07,quantile,0.5,1,5.0919,ARI
2026,09,07,quantile,0.5,2,4.3024,ARI
2026,09,07,quantile,0.5,3,3.6096,ARI
2026,09,07,quantile,0.5,4,3.0448,ARI
2026,09,07,quantile,0.55,-1,7.5028,ARI
2026,09,07,quantile,0.55,0,6.37,ARI
2026,09,07,quantile,0.55,1,5.3749,ARI
2026,09,07,quantile,0.55,2,4.5448,ARI
2026,09,07,quantile,0.55,3,3.8428,ARI
2026,09,07,quantile,0.55,4,3.2541,ARI
2026,09,07,quantile,0.6,-1,7.9407,ARI
2026,09,07,quantile,0.6,0,6.7402,ARI
2026,09,07,quantile,0.6,1,5.7024,ARI
2026,09,07,quantile,0.6,2,4.8094,ARI
2026,09,07,quantile,0.6,3,4.0487,ARI
2026,09,07,quantile,0.6,4,3.4034,ARI
2026,09,07,quantile,0.65,-1,8.4441,ARI
2026,09,07,quantile,0.65,0,7.168,ARI
2026,09,07,quantile,0.65,1,6.0753,ARI
2026,09,07,quantile,0.65,2,5.1361,ARI
2026,09,07,quantile,0.65,3,4.3167,ARI
2026,09,07,quantile,0.65,4,3.6592,ARI
2026,09,07,quantile,0.7,-1,9.0262,ARI
2026,09,07,quantile,0.7,0,7.7924,ARI
2026,09,07,quantile,0.7,1,6.7223,ARI
2026,09,07,quantile,0.7,2,5.6774,ARI
2026,09,07,quantile,0.7,3,4.7647,ARI
2026,09,07,quantile,0.7,4,4.0093,ARI
2026,09,07,quantile,0.75,-1,9.7726,ARI
2026,09,07,quantile,0.75,0,8.3994,ARI
2026,09,07,quantile,0.75,1,7.246,ARI
2026,09,07,quantile,0.75,2,6.041,ARI
2026,09,07,quantile,0.75,3,5.1836,ARI
2026,09,07,quantile,0.75,4,4.4436,ARI
2026,09,07,quantile,0.8,-1,10.6653,ARI
2026,09,07,quantile,0.8,0,9.3271,ARI
2026,09,07,quantile,0.8,1,7.9981,ARI
2026,09,07,quantile,0.8,2,6.8109,ARI
2026,09,07,quantile,0.8,3,5.8766,ARI
2026,09,07,quantile,0.8,4,5.0131,ARI
2026,09,07,quantile,0.85,-1,11.8193,ARI
2026,09,07,quantile,0.85,0,10.7035,ARI
2026,09,07,quantile,0.85,1,9.3334,ARI
2026,09,07,quantile,0.85,2,8.0139,ARI
2026,09,07,quantile,0.85,3,6.8875,ARI
2026,09,07,quantile,0.85,4,5.9239,ARI
2026,09,07,quantile,0.9,-1,13.4782,ARI
2026,09,07,quantile,0.9,0,12.438,ARI
2026,09,07,quantile,0.9,1,11.2642,ARI
2026,09,07,quantile,0.9,2,10.1522,ARI
2026,09,07,quantile,0.9,3,8.8786,ARI
2026,09,07,quantile,0.9,4,7.6225,ARI
2026,09,07,quantile,0.95,-1,16.5295,ARI
2026,09,07,quantile,0.95,0,15.8794,ARI
2026,09,07,quantile,0.95,1,14.9472,ARI
2026,09,07,quantile,0.95,2,13.4361,ARI
2026,09,07,quantile,0.95,3,12.2176,ARI
2026,09,07,quantile,0.95,4,10.3125,ARI
2026,09,07,quantile,0.975,-1,17.7751,ARI
2026,09,07,quantile,0.975,0,17.2797,ARI
2026,09,07,quantile,0.975,1,16.2206,ARI
2026,09,07,quantile,0.975,2,14.8734,ARI
2026,09,07,quantile,0.975,3,13.2085,ARI
2026,09,07,quantile,0.975,4,11.8878,ARI
2026,09,07,quantile,0.99,-1,18.4374,ARI
2026,09,07,quantile,0.99,0,18.2512,ARI
2026,09,07,quantile,0.99,1,18.0944,ARI
2026,09,07,quantile,0.99,2,17.1247,ARI
2026,09,07,quantile,0.99,3,15.7813,ARI
2026,09,07,quantile,0.99,4,14.0999,ARI
2026,09,08,quantile,0.01,-1,0.7774,ARI
2026,09,08,quantile,0.01,0,0.6378,ARI
2026,09,08,quantile,0.01,1,0.5245,ARI
2026,09,08,quantile,0.01,2,0.4377,ARI
2026,09,08,quantile,0.01,3,0.3746,ARI
2026,09,08,quantile,0.01,4,0.3221,ARI
2026,09,08,quantile,0.025,-1,1.6951,ARI
2026,09,08,quantile,0.025,0,1.4902,ARI
2026,09,08,quantile,0.025,1,1.2375,ARI
2026,09,08,quantile,0.025,2,1.0235,ARI
2026,09,08,quantile,0.025,3,0.8498,ARI
2026,09,08,quantile,0.025,4,0.7078,ARI
2026,09,08,quantile,0.05,-1,3.3839,ARI
2026,09,08,quantile,0.05,0,2.8121,ARI
2026,09,08,quantile,0.05,1,2.338,ARI
2026,09,08,quantile,0.05,2,1.9494,ARI
2026,09,08,quantile,0.05,3,1.6104,ARI
2026,09,08,quantile,0.05,4,1.3441,ARI
2026,09,08,quantile,0.1,-1,4.2799,ARI
2026,09,08,quantile,0.1,0,3.5617,ARI
2026,09,08,quantile,0.1,1,2.9596,ARI
2026,09,08,quantile,0.1,2,2.4631,ARI
2026,09,08,quantile,0.1,3,2.043,ARI
2026,09,08,quantile,0.1,4,1.6893,ARI
2026,09,08,quantile,0.15,-1,4.766,ARI
2026,09,08,quantile,0.15,0,4.0255,ARI
2026,09,08,quantile,0.15,1,3.4134,ARI
2026,09,08,quantile,0.15,2,2.864,ARI
2026,09,08,quantile,0.15,3,2.4019,ARI
2026,09,08,quantile,0.15,4,2.0162,ARI
2026,09,08,quantile,0.2,-1,5.4991,ARI
2026,09,08,quantile,0.2,0,4.6062,ARI
2026,09,08,quantile,0.2,1,3.8091,ARI
2026,09,08,quantile,0.2,2,3.1562,ARI
2026,09,08,quantile,0.2,3,2.663,ARI
2026,09,08,quantile,0.2,4,2.2387,ARI
2026,09,08,quantile,0.25,-1,5.965,ARI
2026,09,08,quantile,0.25,0,4.9921,ARI
2026,09,08,quantile,0.25,1,4.1769,ARI
2026,09,08,quantile,0.25,2,3.4887,ARI
2026,09,08,quantile,0.25,3,2.9372,ARI
2026,09,08,quantile,0.25,4,2.4693,ARI
2026,09,08,quantile,0.3,-1,6.7955,ARI
2026,09,08,quantile,0.3,0,5.6128,ARI
2026,09,08,quantile,0.3,1,4.7087,ARI
2026,09,08,quantile,0.3,2,3.9105,ARI
2026,09,08,quantile,0.3,3,3.2639,ARI
2026,09,08,quantile,0.3,4,2.7132,ARI
2026,09,08,quantile,0.35,-1,7.0792,ARI
2026,09,08,quantile,0.35,0,5.9181,ARI
2026,09,08,quantile,0.35,1,4.9985,ARI
2026,09,08,quantile,0.35,2,4.1749,ARI
2026,09,08,quantile,0.35,3,3.4899,ARI
2026,09,08,quantile,0.35,4,2.9025,ARI
2026,09,08,quantile,0.4,-1,7.3478,ARI
2026,09,08,quantile,0.4,0,6.2158,ARI
2026,09,08,quantile,0.4,1,5.2124,ARI
2026,09,08,quantile,0.4,2,4.3435,ARI
2026,09,08,quantile,0.4,3,3.6611,ARI
2026,09,08,quantile,0.4,4,3.0915,ARI
2026,09,08,quantile,0.45,-1,7.8443,ARI
2026,09,08,quantile,0.45,0,6.5937,ARI
2026,09,08,quantile,0.45,1,5.5631,ARI
2026,09,08,quantile,0.45,2,4.702,ARI
2026,09,08,quantile,0.45,3,4.0558,ARI
2026,09,08,quantile,0.45,4,3.4058,ARI
2026,09,08,quantile,0.5,-1,8.3837,ARI
2026,09,08,quantile,0.5,0,7.196,ARI
2026,09,08,quantile,0.5,1,6.0847,ARI
2026,09,08,quantile,0.5,2,5.0483,ARI
2026,09,08,quantile,0.5,3,4.2464,ARI
2026,09,08,quantile,0.5,4,3.5887,ARI
2026,09,08,quantile,0.55,-1,8.9487,ARI
2026,09,08,quantile,0.55,0,7.648,ARI
2026,09,08,quantile,0.55,1,6.4854,ARI
2026,09,08,quantile,0.55,2,5.4705,ARI
2026,09,08,quantile,0.55,3,4.6611,ARI
2026,09,08,quantile,0.55,4,3.9319,ARI
2026,09,08,quantile,0.6,-1,9.4673,ARI
2026,09,08,quantile,0.6,0,8.0923,ARI
2026,09,08,quantile,0.6,1,6.9331,ARI
2026,09,08,quantile,0.6,2,5.8586,ARI
2026,09,08,quantile,0.6,3,4.9411,ARI
2026,09,08,quantile,0.6,4,4.1694,ARI
2026,09,08,quantile,0.65,-1,9.9464,ARI
2026,09,08,quantile,0.65,0,8.5952,ARI
2026,09,08,quantile,0.65,1,7.3519,ARI
2026,09,08,quantile,0.65,2,6.2704,ARI
2026,09,08,quantile,0.65,3,5.3345,ARI
2026,09,08,quantile,0.65,4,4.5358,ARI
2026,09,08,quantile,0.7,-1,10.5163,ARI
2026,09,08,quantile,0.7,0,9.1604,ARI
2026,09,08,quantile,0.7,1,7.851,ARI
2026,09,08,quantile,0.7,2,6.7745,ARI
2026,09,08,quantile,0.7,3,5.7806,ARI
2026,09,08,quantile,0.7,4,4.8324,ARI
2026,09,08,quantile,0.75,-1,11.0514,ARI
2026,09,08,quantile,0.75,0,9.7956,ARI
2026,09,08,quantile,0.75,1,8.4805,ARI
2026,09,08,quantile,0.75,2,7.1843,ARI
2026,09,08,quantile,0.75,3,6.1094,ARI
2026,09,08,quantile,0.75,4,5.2022,ARI
2026,09,08,quantile,0.8,-1,12.0286,ARI
2026,09,08,quantile,0.8,0,10.5118,ARI
2026,09,08,quantile,0.8,1,9.1068,ARI
2026,09,08,quantile,0.8,2,7.9326,ARI
2026,09,08,quantile,0.8,3,6.8344,ARI
2026,09,08,quantile,0.8,4,5.764,ARI
2026,09,08,quantile,0.85,-1,12.6834,ARI
2026,09,08,quantile,0.85,0,11.1683,ARI
2026,09,08,quantile,0.85,1,9.7872,ARI
2026,09,08,quantile,0.85,2,8.5085,ARI
2026,09,08,quantile,0.85,3,7.2995,ARI
2026,09,08,quantile,0.85,4,6.2478,ARI
2026,09,08,quantile,0.9,-1,14.2817,ARI
2026,09,08,quantile,0.9,0,12.9835,ARI
2026,09,08,quantile,0.9,1,11.5239,ARI
2026,09,08,quantile,0.9,2,10.0798,ARI
2026,09,08,quantile,0.9,3,9.1389,ARI
2026,09,08,quantile,0.9,4,7.7925,ARI
2026,09,08,quantile,0.95,-1,16.2332,ARI
2026,09,08,quantile,0.95,0,15.4012,ARI
2026,09,08,quantile,0.95,1,14.4401,ARI
2026,09,08,quantile,0.95,2,12.9046,ARI
2026,09,08,quantile,0.95,3,11.2104,ARI
2026,09,08,quantile,0.95,4,9.4759,ARI
2026,09,08,quantile,0.975,-1,17.2708,ARI
2026,09,08,quantile,0.975,0,16.5597,ARI
2026,09,08,quantile,0.975,1,15.2931,ARI
2026,09,08,quantile,0.975,2,13.8629,ARI
2026,09,08,quantile,0.975,3,12.5085,ARI
2026,09,08,quantile,0.975,4,11.0003,ARI
2026,09,08,quantile,0.99,-1,18.7345,ARI
2026,09,08,quantile,0.99,0,17.8177,ARI
2026,09,08,quantile,0.99,1,16.5999,ARI
2026,09,08,quantile,0.99,2,15.5037,ARI
2026,09,08,quantile,0.99,3,13.833,ARI
2026,09,08,quantile,0.99,4,12.1366,ARI
2026,09,09,quantile,0.01,-1,2.8944,ARI
2026,09,09,quantile,0.01,0,2.4019,ARI
2026,09,09,quantile,0.01,1,2.0001,ARI
2026,09,09,quantile,0.01,2,1.6711,ARI
2026,09,09,quantile,0.01,3,1.4007,ARI
2026,09,09,quantile,0.01,4,1.1749,ARI
2026,09,09,quantile,0.025,-1,3.2252,ARI
2026,09,09,quantile,0.025,0,2.6799,ARI
2026,09,09,quantile,0.025,1,2.2343,ARI
2026,09,09,quantile,0.025,2,1.8693,ARI
2026,09,09,quantile,0.025,3,1.5694,ARI
2026,09,09,quantile,0.025,4,1.319,ARI
2026,09,09,quantile,0.05,-1,3.6353,ARI
2026,09,09,quantile,0.05,0,3.0092,ARI
2026,09,09,quantile,0.05,1,2.5124,ARI
2026,09,09,quantile,0.05,2,2.0981,ARI
2026,09,09,quantile,0.05,3,1.7515,ARI
2026,09,09,quantile,0.05,4,1.4674,ARI
2026,09,09,quantile,0.1,-1,4.2131,ARI
2026,09,09,quantile,0.1,0,3.4943,ARI
2026,09,09,quantile,0.1,1,2.9082,ARI
2026,09,09,quantile,0.1,2,2.4305,ARI
2026,09,09,quantile,0.1,3,2.0308,ARI
2026,09,09,quantile,0.1,4,1.6952,ARI
2026,09,09,quantile,0.15,-1,4.4053,ARI
2026,09,09,quantile,0.15,0,3.6699,ARI
2026,09,09,quantile,0.15,1,3.0463,ARI
2026,09,09,quantile,0.15,2,2.5428,ARI
2026,09,09,quantile,0.15,3,2.1353,ARI
2026,09,09,quantile,0.15,4,1.7833,ARI
2026,09,09,quantile,0.2,-1,4.722,ARI
2026,09,09,quantile,0.2,0,3.8792,ARI
2026,09,09,quantile,0.2,1,3.2492,ARI
2026,09,09,quantile,0.2,2,2.7258,ARI
2026,09,09,quantile,0.2,3,2.2894,ARI
2026,09,09,quantile,0.2,4,1.9178,ARI
2026,09,09,quantile,0.25,-1,5.0199,ARI
2026,09,09,quantile,0.25,0,4.1545,ARI
2026,09,09,quantile,0.25,1,3.4424,ARI
2026,09,09,quantile,0.25,2,2.8484,ARI
2026,09,09,quantile,0.25,3,2.3779,ARI
2026,09,09,quantile,0.25,4,1.9919,ARI
2026,09,09,quantile,0.3,-1,5.3764,ARI
2026,09,09,quantile,0.3,0,4.4887,ARI
2026,09,09,quantile,0.3,1,3.7793,ARI
2026,09,09,quantile,0.3,2,3.142,ARI
2026,09,09,quantile,0.3,3,2.6059,ARI
2026,09,09,quantile,0.3,4,2.1745,ARI
2026,09,09,quantile,0.35,-1,5.6097,ARI
2026,09,09,quantile,0.35,0,4.6689,ARI
2026,09,09,quantile,0.35,1,3.8914,ARI
2026,09,09,quantile,0.35,2,3.2533,ARI
2026,09,09,quantile,0.35,3,2.7278,ARI
2026,09,09,quantile,0.35,4,2.2982,ARI
2026,09,09,quantile,0.4,-1,5.8585,ARI
2026,09,09,quantile,0.4,0,4.9061,ARI
2026,09,09,quantile,0.4,1,4.0532,ARI
2026,09,09,quantile,0.4,2,3.4139,ARI
2026,09,09,quantile,0.4,3,2.8583,ARI
2026,09,09,quantile,0.4,4,2.378,ARI
2026,09,09,quantile,0.45,-1,6.2267,ARI
2026,09,09,quantile,0.45,0,5.1781,ARI
2026,09,09,quantile,0.45,1,4.2871,ARI
2026,09,09,quantile,0.45,2,3.5791,ARI
2026,09,09,quantile,0.45,3,2.9806,ARI
2026,09,09,quantile,0.45,4,2.4948,ARI
2026,09,09,quantile,0.5,-1,6.4308,ARI
2026,09,09,quantile,0.5,0,5.3461,ARI
2026,09,09,quantile,0.5,1,4.5032,ARI
2026,09,09,quantile,0.5,2,3.7764,ARI
2026,09,09,quantile,0.5,3,3.1579,ARI
2026,09,09,quantile,0.5,4,2.6621,ARI
2026,09,09,quantile,0.55,-1,6.6883,ARI
2026,09,09,quantile,0.55,0,5.6372,ARI
2026,09,09,quantile,0.55,1,4.7164,ARI
2026,09,09,quantile,0.55,2,3.9531,ARI
2026,09,09,quantile,0.55,3,3.3153,ARI
2026,09,09,quantile,0.55,4,2.7775,ARI
2026,09,09,quantile,0.6,-1,7.0669,ARI
2026,09,09,quantile,0.6,0,5.9174,ARI
2026,09,09,quantile,0.6,1,4.9706,ARI
2026,09,09,quantile,0.6,2,4.1781,ARI
2026,09,09,quantile,0.6,3,3.5128,ARI
2026,09,09,quantile,0.6,4,2.9453,ARI
2026,09,09,quantile,0.65,-1,7.3221,ARI
2026,09,09,quantile,0.65,0,6.1731,ARI
2026,09,09,quantile,0.65,1,5.1817,ARI
2026,09,09,quantile,0.65,2,4.3487,ARI
2026,09,09,quantile,0.65,3,3.6628,ARI
2026,09,09,quantile,0.65,4,3.0786,ARI
2026,09,09,quantile,0.7,-1,7.623,ARI
2026,09,09,quantile,0.7,0,6.4569,ARI
2026,09,09,quantile,0.7,1,5.4288,ARI
2026,09,09,quantile,0.7,2,4.5772,ARI
2026,09,09,quantile,0.7,3,3.8598,ARI
2026,09,09,quantile,0.7,4,3.2508,ARI
2026,09,09,quantile,0.75,-1,8.0364,ARI
2026,09,09,quantile,0.75,0,6.8719,ARI
2026,09,09,quantile,0.75,1,5.8623,ARI
2026,09,09,quantile,0.75,2,4.9785,ARI
2026,09,09,quantile,0.75,3,4.2102,ARI
2026,09,09,quantile,0.75,4,3.5735,ARI
2026,09,09,quantile,0.8,-1,8.8836,ARI
2026,09,09,quantile,0.8,0,7.8007,ARI
2026,09,09,quantile,0.8,1,6.6168,ARI
2026,09,09,quantile,0.8,2,5.7526,ARI
2026,09,09,quantile,0.8,3,4.884,ARI
2026,09,09,quantile,0.8,4,4.1693,ARI
2026,09,09,quantile,0.85,-1,10.0483,ARI
2026,09,09,quantile,0.85,0,8.7779,ARI
2026,09,09,quantile,0.85,1,7.5426,ARI
2026,09,09,quantile,0.85,2,6.4601,ARI
2026,09,09,quantile,0.85,3,5.4565,ARI
2026,09,09,quantile,0.85,4,4.6128,ARI
2026,09,09,quantile,0.9,-1,11.658,ARI
2026,09,09,quantile,0.9,0,10.2665,ARI
2026,09,09,quantile,0.9,1,9.1088,ARI
2026,09,09,quantile,0.9,2,7.7759,ARI
2026,09,09,quantile,0.9,3,6.6549,ARI
2026,09,09,quantile,0.9,4,5.7491,ARI
2026,09,09,quantile,0.95,-1,13.7446,ARI
2026,09,09,quantile,0.95,0,12.7951,ARI
2026,09,09,quantile,0.95,1,11.6827,ARI
2026,09,09,quantile,0.95,2,10.2848,ARI
2026,09,09,quantile,0.95,3,9.0979,ARI
2026,09,09,quantile,0.95,4,7.8158,ARI
2026,09,09,quantile,0.975,-1,14.9125,ARI
2026,09,09,quantile,0.975,0,14.8371,ARI
2026,09,09,quantile,0.975,1,13.9489,ARI
2026,09,09,quantile,0.975,2,13.0132,ARI
2026,09,09,quantile,0.975,3,11.9373,ARI
2026,09,09,quantile,0.975,4,10.7092,ARI
2026,09,09,quantile,0.99,-1,18.7816,ARI
2026,09,09,quantile,0.99,0,18.5431,ARI
2026,09,09,quantile,0.99,1,17.3724,ARI
2026,09,09,quantile,0.99,2,15.6615,ARI
2026,09,09,quantile,0.99,3,13.6799,ARI
2026,09,09,quantile,0.99,4,11.8786,ARI
2026,09,10,quantile,0.01,-1,1.101,ARI
2026,09,10,quantile,0.01,0,0.9174,ARI
2026,09,10,quantile,0.01,1,0.7674,ARI
2026,09,10,quantile,0.01,2,0.645,ARI
2026,09,10,quantile,0.01,3,0.5441,ARI
2026,09,10,quantile,0.01,4,0.46,ARI
2026,09,10,quantile,0.025,-1,1.5611,ARI
2026,09,10,quantile,0.025,0,1.3482,ARI
2026,09,10,quantile,0.025,1,1.164,ARI
2026,09,10,quantile,0.025,2,1.0057,ARI
2026,09,10,quantile,0.025,3,0.8706,ARI
2026,09,10,quantile,0.025,4,0.7546,ARI
2026,09,10,quantile,0.05,-1,3.1703,ARI
2026,09,10,quantile,0.05,0,2.6078,ARI
2026,09,10,quantile,0.05,1,2.1544,ARI
2026,09,10,quantile,0.05,2,1.7896,ARI
2026,09,10,quantile,0.05,3,1.4994,ARI
2026,09,10,quantile,0.05,4,1.3168,ARI
2026,09,10,quantile,0.1,-1,4.0036,ARI
2026,09,10,quantile,0.1,0,3.3596,ARI
2026,09,10,quantile,0.1,1,2.8145,ARI
2026,09,10,quantile,0.1,2,2.3464,ARI
2026,09,10,quantile,0.1,3,1.9664,ARI
2026,09,10,quantile,0.1,4,1.65,ARI
2026,09,10,quantile,0.15,-1,4.7048,ARI
2026,09,10,quantile,0.15,0,3.8981,ARI
2026,09,10,quantile,0.15,1,3.2537,ARI
2026,09,10,quantile,0.15,2,2.7279,ARI
2026,09,10,quantile,0.15,3,2.2692,ARI
2026,09,10,quantile,0.15,4,1.8966,ARI
2026,09,10,quantile,0.2,-1,5.4187,ARI
2026,09,10,quantile,0.2,0,4.4851,ARI
2026,09,10,quantile,0.2,1,3.723,ARI
2026,09,10,quantile,0.2,2,3.0877,ARI
2026,09,10,quantile,0.2,3,2.5578,ARI
2026,09,10,quantile,0.2,4,2.1486,ARI
2026,09,10,quantile,0.25,-1,5.8369,ARI
2026,09,10,quantile,0.25,0,4.9062,ARI
2026,09,10,quantile,0.25,1,4.11,ARI
2026,09,10,quantile,0.25,2,3.4142,ARI
2026,09,10,quantile,0.25,3,2.8466,ARI
2026,09,10,quantile,0.25,4,2.3904,ARI
2026,09,10,quantile,0.3,-1,6.2211,ARI
2026,09,10,quantile,0.3,0,5.2381,ARI
2026,09,10,quantile,0.3,1,4.3564,ARI
2026,09,10,quantile,0.3,2,3.6726,ARI
2026,09,10,quantile,0.3,3,3.0866,ARI
2026,09,10,quantile,0.3,4,2.5729,ARI
2026,09,10,quantile,0.35,-1,6.5743,ARI
2026,09,10,quantile,0.35,0,5.5048,ARI
2026,09,10,quantile,0.35,1,4.676,ARI
2026,09,10,quantile,0.35,2,3.9084,ARI
2026,09,10,quantile,0.35,3,3.2949,ARI
2026,09,10,quantile,0.35,4,2.7871,ARI
2026,09,10,quantile,0.4,-1,7.1059,ARI
2026,09,10,quantile,0.4,0,5.9337,ARI
2026,09,10,quantile,0.4,1,4.9363,ARI
2026,09,10,quantile,0.4,2,4.187,ARI
2026,09,10,quantile,0.4,3,3.5421,ARI
2026,09,10,quantile,0.4,4,2.9765,ARI
2026,09,10,quantile,0.45,-1,7.5792,ARI
2026,09,10,quantile,0.45,0,6.3889,ARI
2026,09,10,quantile,0.45,1,5.4002,ARI
2026,09,10,quantile,0.45,2,4.5332,ARI
2026,09,10,quantile,0.45,3,3.789,ARI
2026,09,10,quantile,0.45,4,3.1555,ARI
2026,09,10,quantile,0.5,-1,8.2713,ARI
2026,09,10,quantile,0.5,0,6.9609,ARI
2026,09,10,quantile,0.5,1,5.7822,ARI
2026,09,10,quantile,0.5,2,4.8865,ARI
2026,09,10,quantile,0.5,3,4.1926,ARI
2026,09,10,quantile,0.5,4,3.5118,ARI
2026,09,10,quantile,0.55,-1,8.7181,ARI
2026,09,10,quantile,0.55,0,7.409,ARI
2026,09,10,quantile,0.55,1,6.2772,ARI
2026,09,10,quantile,0.55,2,5.338,ARI
2026,09,10,quantile,0.55,3,4.4705,ARI
2026,09,10,quantile,0.55,4,3.7976,ARI
2026,09,10,quantile,0.6,-1,9.4428,ARI
2026,09,10,quantile,0.6,0,8.1457,ARI
2026,09,10,quantile,0.6,1,6.9396,ARI
2026,09,10,quantile,0.6,2,5.8649,ARI
2026,09,10,quantile,0.6,3,4.9675,ARI
2026,09,10,quantile,0.6,4,4.2075,ARI
2026,09,10,quantile,0.65,-1,10.5073,ARI
2026,09,10,quantile,0.65,0,9.2008,ARI
2026,09,10,quantile,0.65,1,7.8271,ARI
2026,09,10,quantile,0.65,2,6.6224,ARI
2026,09,10,quantile,0.65,3,5.5605,ARI
2026,09,10,quantile,0.65,4,4.6745,ARI
2026,09,10,quantile,0.7,-1,11.2941,ARI
2026,09,10,quantile,0.7,0,9.749,ARI
2026,09,10,quantile,0.7,1,8.2726,ARI
2026,09,10,quantile,0.7,2,7.0624,ARI
2026,09,10,quantile,0.7,3,5.9968,ARI
2026,09,10,quantile,0.7,4,5.0565,ARI
2026,09,10,quantile,0.75,-1,12.1189,ARI
2026,09,10,quantile,0.75,0,10.7265,ARI
2026,09,10,quantile,0.75,1,9.2685,ARI
2026,09,10,quantile,0.75,2,8.0272,ARI
2026,09,10,quantile,0.75,3,6.7877,ARI
2026,09,10,quantile,0.75,4,5.7301,ARI
2026,09,10,quantile,0.8,-1,13.0463,ARI
2026,09,10,quantile,0.8,0,11.6871,ARI
2026,09,10,quantile,0.8,1,10.0749,ARI
2026,09,10,quantile,0.8,2,8.7218,ARI
2026,09,10,quantile,0.8,3,7.4554,ARI
2026,09,10,quantile,0.8,4,6.3564,ARI
2026,09,10,quantile,0.85,-1,14.0119,ARI
2026,09,10,quantile,0.85,0,12.6186,ARI
2026,09,10,quantile,0.85,1,11.2557,ARI
2026,09,10,quantile,0.85,2,9.7511,ARI
2026,09,10,quantile,0.85,3,8.4128,ARI
2026,09,10,quantile,0.85,4,7.197,ARI
2026,09,10,quantile,0.9,-1,15.0407,ARI
2026,09,10,quantile,0.9,0,14.159,ARI
2026,09,10,quantile,0.9,1,12.9535,ARI
2026,09,10,quantile,0.9,2,11.6905,ARI
2026,09,10,quantile,0.9,3,10.1973,ARI
2026,09,10,quantile,0.9,4,8.8896,ARI
2026,09,10,quantile,0.95,-1,16.3824,ARI
2026,09,10,quantile,0.95,0,16.1323,ARI
2026,09,10,quantile,0.95,1,15.1415,ARI
2026,09,10,quantile,0.95,2,14.1169,ARI
2026,09,10,quantile,0.95,3,12.6044,ARI
2026,09,10,quantile,0.95,4,11.4087,ARI
2026,09,10,quantile,0.975,-1,17.7348,ARI
2026,09,10,quantile,0.975,0,17.4537,ARI
2026,09,10,quantile,0.975,1,16.5171,ARI
2026,09,10,quantile,0.975,2,15.7447,ARI
2026,09,10,quantile,0.975,3,15.2546,ARI
2026,09,10,quantile,0.975,4,13.8874,ARI
2026,09,10,quantile,0.99,-1,19.5188,ARI
2026,09,10,quantile,0.99,0,18.3643,ARI
2026,09,10,quantile,0.99,1,18.6506,ARI
2026,09,10,quantile,0.99,2,17.7251,ARI
2026,09,10,quantile,0.99,3,16.8834,ARI
2026,09,10,quantile,0.99,4,15.8101,ARI
2026,09,11,quantile,0.01,-1,1.5136,ARI
2026,09,11,quantile,0.01,0,1.2631,ARI
2026,09,11,quantile,0.01,1,1.0572,ARI
2026,09,11,quantile,0.01,2,0.8856,ARI
2026,09,11,quantile,0.01,3,0.7449,ARI
2026,09,11,quantile,0.01,4,0.6248,ARI
2026,09,11,quantile,0.025,-1,2.6592,ARI
2026,09,11,quantile,0.025,0,2.1908,ARI
2026,09,11,quantile,0.025,1,1.8152,ARI
2026,09,11,quantile,0.025,2,1.5339,ARI
2026,09,11,quantile,0.025,3,1.3363,ARI
2026,09,11,quantile,0.025,4,1.1668,ARI
2026,09,11,quantile,0.05,-1,3.9852,ARI
2026,09,11,quantile,0.05,0,3.309,ARI
2026,09,11,quantile,0.05,1,2.7307,ARI
2026,09,11,quantile,0.05,2,2.2769,ARI
2026,09,11,quantile,0.05,3,1.911,ARI
2026,09,11,quantile,0.05,4,1.6073,ARI
2026,09,11,quantile,0.1,-1,4.8335,ARI
2026,09,11,quantile,0.1,0,4.0356,ARI
2026,09,11,quantile,0.1,1,3.4029,ARI
2026,09,11,quantile,0.1,2,2.831,ARI
2026,09,11,quantile,0.1,3,2.3689,ARI
2026,09,11,quantile,0.1,4,2.0159,ARI
2026,09,11,quantile,0.15,-1,5.4549,ARI
2026,09,11,quantile,0.15,0,4.5701,ARI
2026,09,11,quantile,0.15,1,3.824,ARI
2026,09,11,quantile,0.15,2,3.2327,ARI
2026,09,11,quantile,0.15,3,2.7108,ARI
2026,09,11,quantile,0.15,4,2.2688,ARI
2026,09,11,quantile,0.2,-1,5.8892,ARI
2026,09,11,quantile,0.2,0,4.8968,ARI
2026,09,11,quantile,0.2,1,4.1303,ARI
2026,09,11,quantile,0.2,2,3.4676,ARI
2026,09,11,quantile,0.2,3,2.9047,ARI
2026,09,11,quantile,0.2,4,2.4526,ARI
2026,09,11,quantile,0.25,-1,6.3456,ARI
2026,09,11,quantile,0.25,0,5.303,ARI
2026,09,11,quantile,0.25,1,4.4781,ARI
2026,09,11,quantile,0.25,2,3.7461,ARI
2026,09,11,quantile,0.25,3,3.15,ARI
2026,09,11,quantile,0.25,4,2.6597,ARI
2026,09,11,quantile,0.3,-1,6.8701,ARI
2026,09,11,quantile,0.3,0,5.8516,ARI
2026,09,11,quantile,0.3,1,4.9275,ARI
2026,09,11,quantile,0.3,2,4.1303,ARI
2026,09,11,quantile,0.3,3,3.4583,ARI
2026,09,11,quantile,0.3,4,2.8926,ARI
2026,09,11,quantile,0.35,-1,7.3675,ARI
2026,09,11,quantile,0.35,0,6.238,ARI
2026,09,11,quantile,0.35,1,5.3249,ARI
2026,09,11,quantile,0.35,2,4.3857,ARI
2026,09,11,quantile,0.35,3,3.6873,ARI
2026,09,11,quantile,0.35,4,3.1127,ARI
2026,09,11,quantile,0.4,-1,7.8504,ARI
2026,09,11,quantile,0.4,0,6.6537,ARI
2026,09,11,quantile,0.4,1,5.5877,ARI
2026,09,11,quantile,0.4,2,4.751,ARI
2026,09,11,quantile,0.4,3,3.9706,ARI
2026,09,11,quantile,0.4,4,3.354,ARI
2026,09,11,quantile,0.45,-1,8.299,ARI
2026,09,11,quantile,0.45,0,7.0626,ARI
2026,09,11,quantile,0.45,1,5.9569,ARI
2026,09,11,quantile,0.45,2,5.0085,ARI
2026,09,11,quantile,0.45,3,4.2187,ARI
2026,09,11,quantile,0.45,4,3.5784,ARI
2026,09,11,quantile,0.5,-1,8.7739,ARI
2026,09,11,quantile,0.5,0,7.4217,ARI
2026,09,11,quantile,0.5,1,6.343,ARI
2026,09,11,quantile,0.5,2,5.3383,ARI
2026,09,11,quantile,0.5,3,4.5194,ARI
2026,09,11,quantile,0.5,4,3.7865,ARI
2026,09,11,quantile,0.55,-1,9.2337,ARI
2026,09,11,quantile,0.55,0,7.8898,ARI
2026,09,11,quantile,0.55,1,6.6831,ARI
2026,09,11,quantile,0.55,2,5.6755,ARI
2026,09,11,quantile,0.55,3,4.7687,ARI
2026,09,11,quantile,0.55,4,4.0461,ARI
2026,09,11,quantile,0.6,-1,9.7345,ARI
2026,09,11,quantile,0.6,0,8.3885,ARI
2026,09,11,quantile,0.6,1,7.1085,ARI
2026,09,11,quantile,0.6,2,6.0123,ARI
2026,09,11,quantile,0.6,3,5.1336,ARI
2026,09,11,quantile,0.6,4,4.3498,ARI
2026,09,11,quantile,0.65,-1,10.2811,ARI
2026,09,11,quantile,0.65,0,8.8043,ARI
2026,09,11,quantile,0.65,1,7.5249,ARI
2026,09,11,quantile,0.65,2,6.3769,ARI
2026,09,11,quantile,0.65,3,5.393,ARI
2026,09,11,quantile,0.65,4,4.5736,ARI
2026,09,11,quantile,0.7,-1,10.7987,ARI
2026,09,11,quantile,0.7,0,9.4045,ARI
2026,09,11,quantile,0.7,1,8.0544,ARI
2026,09,11,quantile,0.7,2,6.8082,ARI
2026,09,11,quantile,0.7,3,5.7649,ARI
2026,09,11,quantile,0.7,4,4.8903,ARI
2026,09,11,quantile,0.75,-1,11.4903,ARI
2026,09,11,quantile,0.75,0,10.065,ARI
2026,09,11,quantile,0.75,1,8.6164,ARI
2026,09,11,quantile,0.75,2,7.4122,ARI
2026,09,11,quantile,0.75,3,6.2475,ARI
2026,09,11,quantile,0.75,4,5.2617,ARI
2026,09,11,quantile,0.8,-1,12.43,ARI
2026,09,11,quantile,0.8,0,10.9408,ARI
2026,09,11,quantile,0.8,1,9.4606,ARI
2026,09,11,quantile,0.8,2,8.1421,ARI
2026,09,11,quantile,0.8,3,6.9475,ARI
2026,09,11,quantile,0.8,4,5.799,ARI
2026,09,11,quantile,0.85,-1,13.2399,ARI
2026,09,11,quantile,0.85,0,11.858,ARI
2026,09,11,quantile,0.85,1,10.2859,ARI
2026,09,11,quantile,0.85,2,8.753,ARI
2026,09,11,quantile,0.85,3,7.38,ARI
2026,09,11,quantile,0.85,4,6.099,ARI
2026,09,11,quantile,0.9,-1,14.4504,ARI
2026,09,11,quantile,0.9,0,12.6956,ARI
2026,09,11,quantile,0.9,1,11.0533,ARI
2026,09,11,quantile,0.9,2,9.6072,ARI
2026,09,11,quantile,0.9,3,8.3238,ARI
2026,09,11,quantile,0.9,4,6.975,ARI
2026,09,11,quantile,0.95,-1,15.3314,ARI
2026,09,11,quantile,0.95,0,13.8541,ARI
2026,09,11,quantile,0.95,1,12.6314,ARI
2026,09,11,quantile,0.95,2,11.0494,ARI
2026,09,11,quantile,0.95,3,9.5855,ARI
2026,09,11,quantile,0.95,4,8.2693,ARI
2026,09,11,quantile,0.975,-1,16.8883,ARI
2026,09,11,quantile,0.975,0,15.6323,ARI
2026,09,11,quantile,0.975,1,14.1242,ARI
2026,09,11,quantile,0.975,2,12.5098,ARI
2026,09,11,quantile,0.975,3,10.7903,ARI
2026,09,11,quantile,0.975,4,9.295,ARI
2026,09,11,quantile,0.99,-1,17.9454,ARI
2026,09,11,quantile,0.99,0,17.6221,ARI
2026,09,11,quantile,0.99,1,16.1887,ARI
2026,09,11,quantile,0.99,2,14.5349,ARI
2026,09,11,quantile,0.99,3,12.8232,ARI
2026,09,11,quantile,0.99,4,10.9267,ARI
2026,09,12,quantile,0.01,-1,1.1039,ARI
2026,09,12,quantile,0.01,0,0.9225,ARI
2026,09,12,quantile,0.01,1,0.7748,ARI
2026,09,12,quantile,0.01,2,0.6551,ARI
2026,09,12,quantile,0.01,3,0.556,ARI
2026,09,12,quantile,0.01,4,0.4792,ARI
2026,09,12,quantile,0.025,-1,2.566,ARI
2026,09,12,quantile,0.025,0,2.1275,ARI
2026,09,12,quantile,0.025,1,1.7747,ARI
2026,09,12,quantile,0.025,2,1.5083,ARI
2026,09,12,quantile,0.025,3,1.2724,ARI
2026,09,12,quantile,0.025,4,1.0686,ARI
2026,09,12,quantile,0.05,-1,3.1056,ARI
2026,09,12,quantile,0.05,0,2.5654,ARI
2026,09,12,quantile,0.05,1,2.1593,ARI
2026,09,12,quantile,0.05,2,1.7729,ARI
2026,09,12,quantile,0.05,3,1.4977,ARI
2026,09,12,quantile,0.05,4,1.2682,ARI
2026,09,12,quantile,0.1,-1,4.5355,ARI
2026,09,12,quantile,0.1,0,3.7417,ARI
2026,09,12,quantile,0.1,1,3.0879,ARI
2026,09,12,quantile,0.1,2,2.5768,ARI
2026,09,12,quantile,0.1,3,2.1264,ARI
2026,09,12,quantile,0.1,4,1.7559,ARI
2026,09,12,quantile,0.15,-1,5.0063,ARI
2026,09,12,quantile,0.15,0,4.2041,ARI
2026,09,12,quantile,0.15,1,3.5128,ARI
2026,09,12,quantile,0.15,2,2.9288,ARI
2026,09,12,quantile,0.15,3,2.4492,ARI
2026,09,12,quantile,0.15,4,2.0627,ARI
2026,09,12,quantile,0.2,-1,5.5782,ARI
2026,09,12,quantile,0.2,0,4.7335,ARI
2026,09,12,quantile,0.2,1,3.9547,ARI
2026,09,12,quantile,0.2,2,3.3129,ARI
2026,09,12,quantile,0.2,3,2.7932,ARI
2026,09,12,quantile,0.2,4,2.3544,ARI
2026,09,12,quantile,0.25,-1,6.238,ARI
2026,09,12,quantile,0.25,0,5.2139,ARI
2026,09,12,quantile,0.25,1,4.3569,ARI
2026,09,12,quantile,0.25,2,3.6535,ARI
2026,09,12,quantile,0.25,3,3.0984,ARI
2026,09,12,quantile,0.25,4,2.6421,ARI
2026,09,12,quantile,0.3,-1,6.9453,ARI
2026,09,12,quantile,0.3,0,5.8813,ARI
2026,09,12,quantile,0.3,1,4.9022,ARI
2026,09,12,quantile,0.3,2,4.0792,ARI
2026,09,12,quantile,0.3,3,3.386,ARI
2026,09,12,quantile,0.3,4,2.8477,ARI
2026,09,12,quantile,0.35,-1,7.3492,ARI
2026,09,12,quantile,0.35,0,6.1863,ARI
2026,09,12,quantile,0.35,1,5.2412,ARI
2026,09,12,quantile,0.35,2,4.4131,ARI
2026,09,12,quantile,0.35,3,3.7013,ARI
2026,09,12,quantile,0.35,4,3.1181,ARI
2026,09,12,quantile,0.4,-1,7.8922,ARI
2026,09,12,quantile,0.4,0,6.6843,ARI
2026,09,12,quantile,0.4,1,5.6524,ARI
2026,09,12,quantile,0.4,2,4.7373,ARI
2026,09,12,quantile,0.4,3,3.9697,ARI
2026,09,12,quantile,0.4,4,3.4084,ARI
2026,09,12,quantile,0.45,-1,8.2507,ARI
2026,09,12,quantile,0.45,0,7.0643,ARI
2026,09,12,quantile,0.45,1,6.0035,ARI
2026,09,12,quantile,0.45,2,5.0768,ARI
2026,09,12,quantile,0.45,3,4.3209,ARI
2026,09,12,quantile,0.45,4,3.6292,ARI
2026,09,12,quantile,0.5,-1,8.7429,ARI
2026,09,12,quantile,0.5,0,7.5204,ARI
2026,09,12,quantile,0.5,1,6.4523,ARI
2026,09,12,quantile,0.5,2,5.462,ARI
2026,09,12,quantile,0.5,3,4.5765,ARI
2026,09,12,quantile,0.5,4,3.8444,ARI
2026,09,12,quantile,0.55,-1,9.2536,ARI
2026,09,12,quantile,0.55,0,7.9082,ARI
2026,09,12,quantile,0.55,1,6.8132,ARI
2026,09,12,quantile,0.55,2,5.8086,ARI
2026,09,12,quantile,0.55,3,4.9746,ARI
2026,09,12,quantile,0.55,4,4.1741,ARI
2026,09,12,quantile,0.6,-1,9.737,ARI
2026,09,12,quantile,0.6,0,8.5995,ARI
2026,09,12,quantile,0.6,1,7.3998,ARI
2026,09,12,quantile,0.6,2,6.2136,ARI
2026,09,12,quantile,0.6,3,5.2457,ARI
2026,09,12,quantile,0.6,4,4.425,ARI
2026,09,12,quantile,0.65,-1,10.4416,ARI
2026,09,12,quantile,0.65,0,9.0515,ARI
2026,09,12,quantile,0.65,1,7.7459,ARI
2026,09,12,quantile,0.65,2,6.6867,ARI
2026,09,12,quantile,0.65,3,5.662,ARI
2026,09,12,quantile,0.65,4,4.8278,ARI
2026,09,12,quantile,0.7,-1,11.061,ARI
2026,09,12,quantile,0.7,0,9.7078,ARI
2026,09,12,quantile,0.7,1,8.4973,ARI
2026,09,12,quantile,0.7,2,7.3534,ARI
2026,09,12,quantile,0.7,3,6.2159,ARI
2026,09,12,quantile,0.7,4,5.2238,ARI
2026,09,12,quantile,0.75,-1,11.9466,ARI
2026,09,12,quantile,0.75,0,10.4241,ARI
2026,09,12,quantile,0.75,1,9.1117,ARI
2026,09,12,quantile,0.75,2,7.8869,ARI
2026,09,12,quantile,0.75,3,6.853,ARI
2026,09,12,quantile,0.75,4,5.7475,ARI
2026,09,12,quantile,0.8,-1,12.7178,ARI
2026,09,12,quantile,0.8,0,11.2108,ARI
2026,09,12,quantile,0.8,1,9.7228,ARI
2026,09,12,quantile,0.8,2,8.3853,ARI
2026,09,12,quantile,0.8,3,7.2074,ARI
2026,09,12,quantile,0.8,4,6.2548,ARI
2026,09,12,quantile,0.85,-1,13.7426,ARI
2026,09,12,quantile,0.85,0,12.2139,ARI
2026,09,12,quantile,0.85,1,10.7679,ARI
2026,09,12,quantile,0.85,2,9.3499,ARI
2026,09,12,quantile,0.85,3,8.2293,ARI
2026,09,12,quantile,0.85,4,7.0021,ARI
2026,09,12,quantile,0.9,-1,14.9032,ARI
2026,09,12,quantile,0.9,0,13.5335,ARI
2026,09,12,quantile,0.9,1,12.628,ARI
2026,09,12,quantile,0.9,2,11.16,ARI
2026,09,12,quantile,0.9,3,9.7591,ARI
2026,09,12,quantile,0.9,4,8.3243,ARI
2026,09,12,quantile,0.95,-1,16.1412,ARI
2026,09,12,quantile,0.95,0,15.8317,ARI
2026,09,12,quantile,0.95,1,14.2967,ARI
2026,09,12,quantile,0.95,2,12.6807,ARI
2026,09,12,quantile,0.95,3,11.2082,ARI
2026,09,12,quantile,0.95,4,10.1966,ARI
2026,09,12,quantile,0.975,-1,17.7031,ARI
2026,09,12,quantile,0.975,0,16.7468,ARI
2026,09,12,quantile,0.975,1,16.3719,ARI
2026,09,12,quantile,0.975,2,15.0384,ARI
2026,09,12,quantile,0.975,3,13.8168,ARI
2026,09,12,quantile,0.975,4,12.1063,ARI
2026,09,12,quantile,0.99,-1,18.9239,ARI
2026,09,12,quantile,0.99,0,17.9262,ARI
2026,09,12,quantile,0.99,1,17.1257,ARI
2026,09,12,quantile,0.99,2,16.2169,ARI
2026,09,12,quantile,0.99,3,15.302,ARI
2026,09,12,quantile,0.99,4,14.1871,ARI
2026,09,13,quantile,0.01,-1,1.1,ARI
2026,09,13,quantile,0.01,0,0.9181,ARI
2026,09,13,quantile,0.01,1,0.7693,ARI
2026,09,13,quantile,0.01,2,0.6462,ARI
2026,09,13,quantile,0.01,3,0.5433,ARI
2026,09,13,quantile,0.01,4,0.4534,ARI
2026,09,13,quantile,0.025,-1,1.9829,ARI
2026,09,13,quantile,0.025,0,1.649,ARI
2026,09,13,quantile,0.025,1,1.3763,ARI
2026,09,13,quantile,0.025,2,1.143,ARI
2026,09,13,quantile,0.025,3,0.9538,ARI
2026,09,13,quantile,0.025,4,0.7994,ARI
2026,09,13,quantile,0.05,-1,2.545,ARI
2026,09,13,quantile,0.05,0,2.0896,ARI
2026,09,13,quantile,0.05,1,1.7276,ARI
2026,09,13,quantile,0.05,2,1.4353,ARI
2026,09,13,quantile,0.05,3,1.1992,ARI
2026,09,13,quantile,0.05,4,1.009,ARI
2026,09,13,quantile,0.1,-1,3.9892,ARI
2026,09,13,quantile,0.1,0,3.2801,ARI
2026,09,13,quantile,0.1,1,2.7013,ARI
2026,09,13,quantile,0.1,2,2.2352,ARI
2026,09,13,quantile,0.1,3,1.8643,ARI
2026,09,13,quantile,0.1,4,1.5464,ARI
2026,09,13,quantile,0.15,-1,4.7973,ARI
2026,09,13,quantile,0.15,0,3.9563,ARI
2026,09,13,quantile,0.15,1,3.2796,ARI
2026,09,13,quantile,0.15,2,2.6982,ARI
2026,09,13,quantile,0.15,3,2.2282,ARI
2026,09,13,quantile,0.15,4,1.8774,ARI
2026,09,13,quantile,0.2,-1,5.6546,ARI
2026,09,13,quantile,0.2,0,4.6512,ARI
2026,09,13,quantile,0.2,1,3.8291,ARI
2026,09,13,quantile,0.2,2,3.2059,ARI
2026,09,13,quantile,0.2,3,2.6844,ARI
2026,09,13,quantile,0.2,4,2.2302,ARI
2026,09,13,quantile,0.25,-1,5.9669,ARI
2026,09,13,quantile,0.25,0,4.9604,ARI
2026,09,13,quantile,0.25,1,4.1685,ARI
2026,09,13,quantile,0.25,2,3.5,ARI
2026,09,13,quantile,0.25,3,2.9075,ARI
2026,09,13,quantile,0.25,4,2.419,ARI
2026,09,13,quantile,0.3,-1,6.5627,ARI
2026,09,13,quantile,0.3,0,5.5247,ARI
2026,09,13,quantile,0.3,1,4.6365,ARI
2026,09,13,quantile,0.3,2,3.8354,ARI
2026,09,13,quantile,0.3,3,3.219,ARI
2026,09,13,quantile,0.3,4,2.7392,ARI
2026,09,13,quantile,0.35,-1,7.1566,ARI
2026,09,13,quantile,0.35,0,6.0093,ARI
2026,09,13,quantile,0.35,1,5.0147,ARI
2026,09,13,quantile,0.35,2,4.1835,ARI
2026,09,13,quantile,0.35,3,3.5257,ARI
2026,09,13,quantile,0.35,4,2.9649,ARI
2026,09,13,quantile,0.4,-1,7.4306,ARI
2026,09,13,quantile,0.4,0,6.2918,ARI
2026,09,13,quantile,0.4,1,5.2921,ARI
2026,09,13,quantile,0.4,2,4.4564,ARI
2026,09,13,quantile,0.4,3,3.7606,ARI
2026,09,13,quantile,0.4,4,3.1437,ARI
2026,09,13,quantile,0.45,-1,7.8429,ARI
2026,09,13,quantile,0.45,0,6.7128,ARI
2026,09,13,quantile,0.45,1,5.6825,ARI
2026,09,13,quantile,0.45,2,4.7674,ARI
2026,09,13,quantile,0.45,3,4.0229,ARI
2026,09,13,quantile,0.45,4,3.3814,ARI
2026,09,13,quantile,0.5,-1,8.4503,ARI
2026,09,13,quantile,0.5,0,7.2054,ARI
2026,09,13,quantile,0.5,1,6.0884,ARI
2026,09,13,quantile,0.5,2,5.1732,ARI
2026,09,13,quantile,0.5,3,4.3868,ARI
2026,09,13,quantile,0.5,4,3.7091,ARI
2026,09,13,quantile,0.55,-1,9.1303,ARI
2026,09,13,quantile,0.55,0,7.813,ARI
2026,09,13,quantile,0.55,1,6.6307,ARI
2026,09,13,quantile,0.55,2,5.6556,ARI
2026,09,13,quantile,0.55,3,4.7105,ARI
2026,09,13,quantile,0.55,4,3.9724,ARI
2026,09,13,quantile,0.6,-1,9.8126,ARI
2026,09,13,quantile,0.6,0,8.4082,ARI
2026,09,13,quantile,0.6,1,7.1279,ARI
2026,09,13,quantile,0.6,2,5.9824,ARI
2026,09,13,quantile,0.6,3,5.0203,ARI
2026,09,13,quantile,0.6,4,4.2033,ARI
2026,09,13,quantile,0.65,-1,10.3843,ARI
2026,09,13,quantile,0.65,0,8.9327,ARI
2026,09,13,quantile,0.65,1,7.6693,ARI
2026,09,13,quantile,0.65,2,6.5067,ARI
2026,09,13,quantile,0.65,3,5.4591,ARI
2026,09,13,quantile,0.65,4,4.6208,ARI
2026,09,13,quantile,0.7,-1,11.0139,ARI
2026,09,13,quantile,0.7,0,9.6271,ARI
2026,09,13,quantile,0.7,1,8.2268,ARI
2026,09,13,quantile,0.7,2,7.1076,ARI
2026,09,13,quantile,0.7,3,6.0201,ARI
2026,09,13,quantile,0.7,4,5.1168,ARI
2026,09,13,quantile,0.75,-1,11.7773,ARI
2026,09,13,quantile,0.75,0,10.2892,ARI
2026,09,13,quantile,0.75,1,8.9729,ARI
2026,09,13,quantile,0.75,2,7.6672,ARI
2026,09,13,quantile,0.75,3,6.5254,ARI
2026,09,13,quantile,0.75,4,5.5143,ARI
2026,09,13,quantile,0.8,-1,12.5364,ARI
2026,09,13,quantile,0.8,0,10.9688,ARI
2026,09,13,quantile,0.8,1,9.4262,ARI
2026,09,13,quantile,0.8,2,8.1039,ARI
2026,09,13,quantile,0.8,3,6.9183,ARI
2026,09,13,quantile,0.8,4,5.9238,ARI
2026,09,13,quantile,0.85,-1,13.2221,ARI
2026,09,13,quantile,0.85,0,11.7526,ARI
2026,09,13,quantile,0.85,1,10.2828,ARI
2026,09,13,quantile,0.85,2,8.9228,ARI
2026,09,13,quantile,0.85,3,7.6397,ARI
2026,09,13,quantile,0.85,4,6.4919,ARI
2026,09,13,quantile,0.9,-1,14.3104,ARI
2026,09,13,quantile,0.9,0,12.8067,ARI
2026,09,13,quantile,0.9,1,11.1973,ARI
2026,09,13,quantile,0.9,2,9.7796,ARI
2026,09,13,quantile,0.9,3,8.4649,ARI
2026,09,13,quantile,0.9,4,7.2787,ARI
2026,09,13,quantile,0.95,-1,15.8006,ARI
2026,09,13,quantile,0.95,0,14.6411,ARI
2026,09,13,quantile,0.95,1,13.3907,ARI
2026,09,13,quantile,0.95,2,11.9137,ARI
2026,09,13,quantile,0.95,3,10.2441,ARI
2026,09,13,quantile,0.95,4,8.7536,ARI
2026,09,13,quantile,0.975,-1,16.7411,ARI
2026,09,13,quantile,0.975,0,16.0459,ARI
2026,09,13,quantile,0.975,1,15.5207,ARI
2026,09,13,quantile,0.975,2,14.6572,ARI
2026,09,13,quantile,0.975,3,13.3588,ARI
2026,09,13,quantile,0.975,4,11.5854,ARI
2026,09,13,quantile,0.99,-1,17.5518,ARI
2026,09,13,quantile,0.99,0,17.9842,ARI
2026,09,13,quantile,0.99,1,17.7285,ARI
2026,09,13,quantile,0.99,2,16.5162,ARI
2026,09,13,quantile,0.99,3,15.5196,ARI
2026,09,13,quantile,0.99,4,13.8204,ARI
2026,09,14,quantile,0.01,-1,0.4734,ARI
2026,09,14,quantile,0.01,0,0.3916,ARI
2026,09,14,quantile,0.01,1,0.3248,ARI
2026,09,14,quantile,0.01,2,0.2701,ARI
2026,09,14,quantile,0.01,3,0.2252,ARI
2026,09,14,quantile,0.01,4,0.1881,ARI
2026,09,14,quantile,0.025,-1,0.7725,ARI
2026,09,14,quantile,0.025,0,0.6335,ARI
2026,09,14,quantile,0.025,1,0.5214,ARI
2026,09,14,quantile,0.025,2,0.4305,ARI
2026,09,14,quantile,0.025,3,0.3563,ARI
2026,09,14,quantile,0.025,4,0.2955,ARI
2026,09,14,quantile,0.05,-1,2.0214,ARI
2026,09,14,quantile,0.05,0,1.6714,ARI
2026,09,14,quantile,0.05,1,1.3838,ARI
2026,09,14,quantile,0.05,2,1.1468,ARI
2026,09,14,quantile,0.05,3,0.9511,ARI
2026,09,14,quantile,0.05,4,0.7907,ARI
2026,09,14,quantile,0.1,-1,3.866,ARI
2026,09,14,quantile,0.1,0,3.1521,ARI
2026,09,14,quantile,0.1,1,2.6088,ARI
2026,09,14,quantile,0.1,2,2.1712,ARI
2026,09,14,quantile,0.1,3,1.8133,ARI
2026,09,14,quantile,0.1,4,1.5195,ARI
2026,09,14,quantile,0.15,-1,4.4873,ARI
2026,09,14,quantile,0.15,0,3.6863,ARI
2026,09,14,quantile,0.15,1,3.0636,ARI
2026,09,14,quantile,0.15,2,2.5813,ARI
2026,09,14,quantile,0.15,3,2.1562,ARI
2026,09,14,quantile,0.15,4,1.8023,ARI
2026,09,14,quantile,0.2,-1,4.9712,ARI
2026,09,14,quantile,0.2,0,4.1206,ARI
2026,09,14,quantile,0.2,1,3.4391,ARI
2026,09,14,quantile,0.2,2,2.8977,ARI
2026,09,14,quantile,0.2,3,2.4315,ARI
2026,09,14,quantile,0.2,4,2.0325,ARI
2026,09,14,quantile,0.25,-1,5.2746,ARI
2026,09,14,quantile,0.25,0,4.4345,ARI
2026,09,14,quantile,0.25,1,3.7259,ARI
2026,09,14,quantile,0.25,2,3.1575,ARI
2026,09,14,quantile,0.25,3,2.6412,ARI
2026,09,14,quantile,0.25,4,2.2047,ARI
2026,09,14,quantile,0.3,-1,5.662,ARI
2026,09,14,quantile,0.3,0,4.7198,ARI
2026,09,14,quantile,0.3,1,3.9375,ARI
2026,09,14,quantile,0.3,2,3.2772,ARI
2026,09,14,quantile,0.3,3,2.7538,ARI
2026,09,14,quantile,0.3,4,2.3034,ARI
2026,09,14,quantile,0.35,-1,5.93,ARI
2026,09,14,quantile,0.35,0,4.9467,ARI
2026,09,14,quantile,0.35,1,4.1398,ARI
2026,09,14,quantile,0.35,2,3.4368,ARI
2026,09,14,quantile,0.35,3,2.906,ARI
2026,09,14,quantile,0.35,4,2.4474,ARI
2026,09,14,quantile,0.4,-1,6.3856,ARI
2026,09,14,quantile,0.4,0,5.3327,ARI
2026,09,14,quantile,0.4,1,4.4335,ARI
2026,09,14,quantile,0.4,2,3.683,ARI
2026,09,14,quantile,0.4,3,3.0924,ARI
2026,09,14,quantile,0.4,4,2.5924,ARI
2026,09,14,quantile,0.45,-1,6.7007,ARI
2026,09,14,quantile,0.45,0,5.6856,ARI
2026,09,14,quantile,0.45,1,4.7612,ARI
2026,09,14,quantile,0.45,2,3.9948,ARI
2026,09,14,quantile,0.45,3,3.3286,ARI
2026,09,14,quantile,0.45,4,2.7938,ARI
2026,09,14,quantile,0.5,-1,7.0963,ARI
2026,09,14,quantile,0.5,0,6.0302,ARI
2026,09,14,quantile,0.5,1,5.1264,ARI
2026,09,14,quantile,0.5,2,4.2933,ARI
2026,09,14,quantile,0.5,3,3.6286,ARI
2026,09,14,quantile,0.5,4,3.0402,ARI
2026,09,14,quantile,0.55,-1,7.8514,ARI
2026,09,14,quantile,0.55,0,6.5625,ARI
2026,09,14,quantile,0.55,1,5.5038,ARI
2026,09,14,quantile,0.55,2,4.6137,ARI
2026,09,14,quantile,0.55,3,3.9035,ARI
2026,09,14,quantile,0.55,4,3.3043,ARI
2026,09,14,quantile,0.6,-1,8.266,ARI
2026,09,14,quantile,0.6,0,7.0341,ARI
2026,09,14,quantile,0.6,1,6.0222,ARI
2026,09,14,quantile,0.6,2,5.1154,ARI
2026,09,14,quantile,0.6,3,4.2597,ARI
2026,09,14,quantile,0.6,4,3.5509,ARI
2026,09,14,quantile,0.65,-1,8.8889,ARI
2026,09,14,quantile,0.65,0,7.7042,ARI
2026,09,14,quantile,0.65,1,6.4074,ARI
2026,09,14,quantile,0.65,2,5.458,ARI
2026,09,14,quantile,0.65,3,4.566,ARI
2026,09,14,quantile,0.65,4,3.8679,ARI
2026,09,14,quantile,0.7,-1,9.5503,ARI
2026,09,14,quantile,0.7,0,8.1953,ARI
2026,09,14,quantile,0.7,1,7.0565,ARI
2026,09,14,quantile,0.7,2,5.9909,ARI
2026,09,14,quantile,0.7,3,5.0719,ARI
2026,09,14,quantile,0.7,4,4.3168,ARI
2026,09,14,quantile,0.75,-1,10.5938,ARI
2026,09,14,quantile,0.75,0,9.305,ARI
2026,09,14,quantile,0.75,1,8.0074,ARI
2026,09,14,quantile,0.75,2,6.8021,ARI
2026,09,14,quantile,0.75,3,5.8256,ARI
2026,09,14,quantile,0.75,4,4.9337,ARI
2026,09,14,quantile,0.8,-1,11.4599,ARI
2026,09,14,quantile,0.8,0,10.4528,ARI
2026,09,14,quantile,0.8,1,9.1322,ARI
2026,09,14,quantile,0.8,2,7.8394,ARI
2026,09,14,quantile,0.8,3,6.7128,ARI
2026,09,14,quantile,0.8,4,5.7117,ARI
2026,09,14,quantile,0.85,-1,13.6159,ARI
2026,09,14,quantile,0.85,0,12.1701,ARI
2026,09,14,quantile,0.85,1,10.7743,ARI
2026,09,14,quantile,0.85,2,9.3272,ARI
2026,09,14,quantile,0.85,3,7.8791,ARI
2026,09,14,quantile,0.85,4,6.8354,ARI
2026,09,14,quantile,0.9,-1,15.1595,ARI
2026,09,14,quantile,0.9,0,14.3652,ARI
2026,09,14,quantile,0.9,1,13.2253,ARI
2026,09,14,quantile,0.9,2,11.8072,ARI
2026,09,14,quantile,0.9,3,10.2682,ARI
2026,09,14,quantile,0.9,4,8.8407,ARI
2026,09,14,quantile,0.95,-1,16.7406,ARI
2026,09,14,quantile,0.95,0,16.479,ARI
2026,09,14,quantile,0.95,1,15.8531,ARI
2026,09,14,quantile,0.95,2,14.3018,ARI
2026,09,14,quantile,0.95,3,12.8496,ARI
2026,09,14,quantile,0.95,4,11.1823,ARI
2026,09,14,quantile,0.975,-1,18.2902,ARI
2026,09,14,quantile,0.975,0,17.6837,ARI
2026,09,14,quantile,0.975,1,17.0556,ARI
2026,09,14,quantile,0.975,2,16.2041,ARI
2026,09,14,quantile,0.975,3,14.5395,ARI
2026,09,14,quantile,0.975,4,12.4503,ARI
2026,09,14,quantile,0.99,-1,20.0196,ARI
2026,09,14,quantile,0.99,0,19.2762,ARI
2026,09,14,quantile,0.99,1,18.4723,ARI
2026,09,14,quantile,0.99,2,16.797,ARI
2026,09,14,quantile,0.99,3,15.5987,ARI
2026,09,14,quantile,0.99,4,14.2744,ARI
2026,09,15,quantile,0.01,-1,0.989,ARI
2026,09,15,quantile,0.01,0,0.8224,ARI
2026,09,15,quantile,0.01,1,0.6863,ARI
2026,09,15,quantile,0.01,2,0.5747,ARI
2026,09,15,quantile,0.01,3,0.4825,ARI
2026,09,15,quantile,0.01,4,0.4059,ARI
2026,09,15,quantile,0.025,-1,1.7859,ARI
2026,09,15,quantile,0.025,0,1.4822,ARI
2026,09,15,quantile,0.025,1,1.2496,ARI
2026,09,15,quantile,0.025,2,1.0572,ARI
2026,09,15,quantile,0.025,3,0.897,ARI
2026,09,15,quantile,0.025,4,0.7636,ARI
2026,09,15,quantile,0.05,-1,3.1342,ARI
2026,09,15,quantile,0.05,0,2.5943,ARI
2026,09,15,quantile,0.05,1,2.157,ARI
2026,09,15,quantile,0.05,2,1.8006,ARI
2026,09,15,quantile,0.05,3,1.4954,ARI
2026,09,15,quantile,0.05,4,1.2617,ARI
2026,09,15,quantile,0.1,-1,4.1434,ARI
2026,09,15,quantile,0.1,0,3.4103,ARI
2026,09,15,quantile,0.1,1,2.8252,ARI
2026,09,15,quantile,0.1,2,2.3676,ARI
2026,09,15,quantile,0.1,3,1.9967,ARI
2026,09,15,quantile,0.1,4,1.6568,ARI
2026,09,15,quantile,0.15,-1,4.7847,ARI
2026,09,15,quantile,0.15,0,4.0057,ARI
2026,09,15,quantile,0.15,1,3.3432,ARI
2026,09,15,quantile,0.15,2,2.7848,ARI
2026,09,15,quantile,0.15,3,2.3261,ARI
2026,09,15,quantile,0.15,4,1.9502,ARI
2026,09,15,quantile,0.2,-1,5.3066,ARI
2026,09,15,quantile,0.2,0,4.4621,ARI
2026,09,15,quantile,0.2,1,3.6988,ARI
2026,09,15,quantile,0.2,2,3.0763,ARI
2026,09,15,quantile,0.2,3,2.5793,ARI
2026,09,15,quantile,0.2,4,2.1619,ARI
2026,09,15,quantile,0.25,-1,5.6634,ARI
2026,09,15,quantile,0.25,0,4.7125,ARI
2026,09,15,quantile,0.25,1,3.9285,ARI
2026,09,15,quantile,0.25,2,3.2899,ARI
2026,09,15,quantile,0.25,3,2.761,ARI
2026,09,15,quantile,0.25,4,2.3151,ARI
2026,09,15,quantile,0.3,-1,6.1766,ARI
2026,09,15,quantile,0.3,0,5.2759,ARI
2026,09,15,quantile,0.3,1,4.3948,ARI
2026,09,15,quantile,0.3,2,3.649,ARI
2026,09,15,quantile,0.3,3,3.0722,ARI
2026,09,15,quantile,0.3,4,2.5704,ARI
2026,09,15,quantile,0.35,-1,6.5538,ARI
2026,09,15,quantile,0.35,0,5.479,ARI
2026,09,15,quantile,0.35,1,4.5817,ARI
2026,09,15,quantile,0.35,2,3.8501,ARI
2026,09,15,quantile,0.35,3,3.2711,ARI
2026,09,15,quantile,0.35,4,2.7582,ARI
2026,09,15,quantile,0.4,-1,6.97,ARI
2026,09,15,quantile,0.4,0,5.8453,ARI
2026,09,15,quantile,0.4,1,4.8995,ARI
2026,09,15,quantile,0.4,2,4.1139,ARI
2026,09,15,quantile,0.4,3,3.4433,ARI
2026,09,15,quantile,0.4,4,2.9091,ARI
2026,09,15,quantile,0.45,-1,7.4089,ARI
2026,09,15,quantile,0.45,0,6.2249,ARI
2026,09,15,quantile,0.45,1,5.2185,ARI
2026,09,15,quantile,0.45,2,4.3821,ARI
2026,09,15,quantile,0.45,3,3.6728,ARI
2026,09,15,quantile,0.45,4,3.0872,ARI
2026,09,15,quantile,0.5,-1,7.6499,ARI
2026,09,15,quantile,0.5,0,6.5013,ARI
2026,09,15,quantile,0.5,1,5.4988,ARI
2026,09,15,quantile,0.5,2,4.6264,ARI
2026,09,15,quantile,0.5,3,3.8749,ARI
2026,09,15,quantile,0.5,4,3.2737,ARI
2026,09,15,quantile,0.55,-1,8.048,ARI
2026,09,15,quantile,0.55,0,6.9276,ARI
2026,09,15,quantile,0.55,1,5.7989,ARI
2026,09,15,quantile,0.55,2,4.9655,ARI
2026,09,15,quantile,0.55,3,4.1561,ARI
2026,09,15,quantile,0.55,4,3.5034,ARI
2026,09,15,quantile,0.6,-1,8.5119,ARI
2026,09,15,quantile,0.6,0,7.2199,ARI
2026,09,15,quantile,0.6,1,6.1323,ARI
2026,09,15,quantile,0.6,2,5.1735,ARI
2026,09,15,quantile,0.6,3,4.3998,ARI
2026,09,15,quantile,0.6,4,3.7286,ARI
2026,09,15,quantile,0.65,-1,9.1892,ARI
2026,09,15,quantile,0.65,0,7.7941,ARI
2026,09,15,quantile,0.65,1,6.6009,ARI
2026,09,15,quantile,0.65,2,5.5528,ARI
2026,09,15,quantile,0.65,3,4.6948,ARI
2026,09,15,quantile,0.65,4,3.9692,ARI
2026,09,15,quantile,0.7,-1,9.7054,ARI
2026,09,15,quantile,0.7,0,8.3872,ARI
2026,09,15,quantile,0.7,1,7.1493,ARI
2026,09,15,quantile,0.7,2,6.0504,ARI
2026,09,15,quantile,0.7,3,5.1966,ARI
2026,09,15,quantile,0.7,4,4.3606,ARI
2026,09,15,quantile,0.75,-1,11.1889,ARI
2026,09,15,quantile,0.75,0,9.7537,ARI
2026,09,15,quantile,0.75,1,8.2958,ARI
2026,09,15,quantile,0.75,2,6.999,ARI
2026,09,15,quantile,0.75,3,5.9721,ARI
2026,09,15,quantile,0.75,4,5.0906,ARI
2026,09,15,quantile,0.8,-1,12.2731,ARI
2026,09,15,quantile,0.8,0,11.1518,ARI
2026,09,15,quantile,0.8,1,9.6295,ARI
2026,09,15,quantile,0.8,2,8.3299,ARI
2026,09,15,quantile,0.8,3,7.1588,ARI
2026,09,15,quantile,0.8,4,6.0505,ARI
2026,09,15,quantile,0.85,-1,13.2864,ARI
2026,09,15,quantile,0.85,0,12.0015,ARI
2026,09,15,quantile,0.85,1,10.666,ARI
2026,09,15,quantile,0.85,2,9.4498,ARI
2026,09,15,quantile,0.85,3,8.356,ARI
2026,09,15,quantile,0.85,4,7.1198,ARI
2026,09,15,quantile,0.9,-1,14.5842,ARI
2026,09,15,quantile,0.9,0,13.6769,ARI
2026,09,15,quantile,0.9,1,12.4967,ARI
2026,09,15,quantile,0.9,2,11.2425,ARI
2026,09,15,quantile,0.9,3,9.7583,ARI
2026,09,15,quantile,0.9,4,8.3835,ARI
2026,09,15,quantile,0.95,-1,15.8379,ARI
2026,09,15,quantile,0.95,0,15.3502,ARI
2026,09,15,quantile,0.95,1,14.5349,ARI
2026,09,15,quantile,0.95,2,13.3813,ARI
2026,09,15,quantile,0.95,3,12.3093,ARI
2026,09,15,quantile,0.95,4,10.684,ARI
2026,09,15,quantile,0.975,-1,17.0544,ARI
2026,09,15,quantile,0.975,0,16.8528,ARI
2026,09,15,quantile,0.975,1,16.7436,ARI
2026,09,15,quantile,0.975,2,15.4894,ARI
2026,09,15,quantile,0.975,3,14.6566,ARI
2026,09,15,quantile,0.975,4,13.301,ARI
2026,09,15,quantile,0.99,-1,17.9295,ARI
2026,09,15,quantile,0.99,0,18.1471,ARI
2026,09,15,quantile,0.99,1,17.798,ARI
2026,09,15,quantile,0.99,2,17.4533,ARI
2026,09,15,quantile,0.99,3,15.7496,ARI
2026,09,15,quantile,0.99,4,14.3877,ARI
2026,09,16,quantile,0.01,-1,5.4601,ARI
2026,09,16,quantile,0.01,0,4.5319,ARI
2026,09,16,quantile,0.01,1,3.767,ARI
2026,09,16,quantile,0.01,2,3.1233,ARI
2026,09,16,quantile,0.01,3,2.601,ARI
2026,09,16,quantile,0.01,4,2.1715,ARI
2026,09,16,quantile,0.025,-1,5.6215,ARI
2026,09,16,quantile,0.025,0,4.6848,ARI
2026,09,16,quantile,0.025,1,3.8961,ARI
2026,09,16,quantile,0.025,2,3.2411,ARI
2026,09,16,quantile,0.025,3,2.7063,ARI
2026,09,16,quantile,0.025,4,2.2678,ARI
2026,09,16,quantile,0.05,-1,5.7843,ARI
2026,09,16,quantile,0.05,0,4.8246,ARI
2026,09,16,quantile,0.05,1,4.031,ARI
2026,09,16,quantile,0.05,2,3.3627,ARI
2026,09,16,quantile,0.05,3,2.8159,ARI
2026,09,16,quantile,0.05,4,2.3651,ARI
2026,09,16,quantile,0.1,-1,5.8949,ARI
2026,09,16,quantile,0.1,0,4.9348,ARI
2026,09,16,quantile,0.1,1,4.1276,ARI
2026,09,16,quantile,0.1,2,3.4646,ARI
2026,09,16,quantile,0.1,3,2.9026,ARI
2026,09,16,quantile,0.1,4,2.4344,ARI
2026,09,16,quantile,0.15,-1,6.033,ARI
2026,09,16,quantile,0.15,0,5.0555,ARI
2026,09,16,quantile,0.15,1,4.2344,ARI
2026,09,16,quantile,0.15,2,3.5497,ARI
2026,09,16,quantile,0.15,3,2.9798,ARI
2026,09,16,quantile,0.15,4,2.5027,ARI
2026,09,16,quantile,0.2,-1,6.0738,ARI
2026,09,16,quantile,0.2,0,5.0997,ARI
2026,09,16,quantile,0.2,1,4.2713,ARI
2026,09,16,quantile,0.2,2,3.5802,ARI
2026,09,16,quantile,0.2,3,3.0047,ARI
2026,09,16,quantile,0.2,4,2.5282,ARI
2026,09,16,quantile,0.25,-1,6.1108,ARI
2026,09,16,quantile,0.25,0,5.134,ARI
2026,09,16,quantile,0.25,1,4.309,ARI
2026,09,16,quantile,0.25,2,3.6169,ARI
2026,09,16,quantile,0.25,3,3.0408,ARI
2026,09,16,quantile,0.25,4,2.5631,ARI
2026,09,16,quantile,0.3,-1,6.1577,ARI
2026,09,16,quantile,0.3,0,5.1815,ARI
2026,09,16,quantile,0.3,1,4.3564,ARI
2026,09,16,quantile,0.3,2,3.6601,ARI
2026,09,16,quantile,0.3,3,3.0793,ARI
2026,09,16,quantile,0.3,4,2.5913,ARI
2026,09,16,quantile,0.35,-1,6.2113,ARI
2026,09,16,quantile,0.35,0,5.2302,ARI
2026,09,16,quantile,0.35,1,4.4057,ARI
2026,09,16,quantile,0.35,2,3.7096,ARI
2026,09,16,quantile,0.35,3,3.123,ARI
2026,09,16,quantile,0.35,4,2.6398,ARI
2026,09,16,quantile,0.4,-1,6.2682,ARI
2026,09,16,quantile,0.4,0,5.2913,ARI
2026,09,16,quantile,0.4,1,4.4559,ARI
2026,09,16,quantile,0.4,2,3.7506,ARI
2026,09,16,quantile,0.4,3,3.1586,ARI
2026,09,16,quantile,0.4,4,2.6659,ARI
2026,09,16,quantile,0.45,-1,6.3162,ARI
2026,09,16,quantile,0.45,0,5.3313,ARI
2026,09,16,quantile,0.45,1,4.5012,ARI
2026,09,16,quantile,0.45,2,3.7969,ARI
2026,09,16,quantile,0.45,3,3.206,ARI
2026,09,16,quantile,0.45,4,2.705,ARI
2026,09,16,quantile,0.5,-1,6.3533,ARI
2026,09,16,quantile,0.5,0,5.3734,ARI
2026,09,16,quantile,0.5,1,4.5376,ARI
2026,09,16,quantile,0.5,2,3.8251,ARI
2026,09,16,quantile,0.5,3,3.2275,ARI
2026,09,16,quantile,0.5,4,2.7269,ARI
2026,09,16,quantile,0.55,-1,6.3801,ARI
2026,09,16,quantile,0.55,0,5.4016,ARI
2026,09,16,quantile,0.55,1,4.5569,ARI
2026,09,16,quantile,0.55,2,3.8488,ARI
2026,09,16,quantile,0.55,3,3.2533,ARI
2026,09,16,quantile,0.55,4,2.7548,ARI
2026,09,16,quantile,0.6,-1,6.4125,ARI
2026,09,16,quantile,0.6,0,5.4279,ARI
2026,09,16,quantile,0.6,1,4.5888,ARI
2026,09,16,quantile,0.6,2,3.8757,ARI
2026,09,16,quantile,0.6,3,3.2743,ARI
2026,09,16,quantile,0.6,4,2.77,ARI
2026,09,16,quantile,0.65,-1,6.4379,ARI
2026,09,16,quantile,0.65,0,5.4592,ARI
2026,09,16,quantile,0.65,1,4.6143,ARI
2026,09,16,quantile,0.65,2,3.9004,ARI
2026,09,16,quantile,0.65,3,3.3033,ARI
2026,09,16,quantile,0.65,4,2.7947,ARI
2026,09,16,quantile,0.7,-1,6.4943,ARI
2026,09,16,quantile,0.7,0,5.5071,ARI
2026,09,16,quantile,0.7,1,4.6544,ARI
2026,09,16,quantile,0.7,2,3.943,ARI
2026,09,16,quantile,0.7,3,3.3404,ARI
2026,09,16,quantile,0.7,4,2.8283,ARI
2026,09,16,quantile,0.75,-1,6.548,ARI
2026,09,16,quantile,0.75,0,5.5708,ARI
2026,09,16,quantile,0.75,1,4.7233,ARI
2026,09,16,quantile,0.75,2,4.0006,ARI
2026,09,16,quantile,0.75,3,3.3883,ARI
2026,09,16,quantile,0.75,4,2.8774,ARI
2026,09,16,quantile,0.8,-1,6.5877,ARI
2026,09,16,quantile,0.8,0,5.6021,ARI
2026,09,16,quantile,0.8,1,4.7594,ARI
2026,09,16,quantile,0.8,2,4.0416,ARI
2026,09,16,quantile,0.8,3,3.4281,ARI
2026,09,16,quantile,0.8,4,2.9111,ARI
2026,09,16,quantile,0.85,-1,6.6353,ARI
2026,09,16,quantile,0.85,0,5.6505,ARI
2026,09,16,quantile,0.85,1,4.7981,ARI
2026,09,16,quantile,0.85,2,4.0761,ARI
2026,09,16,quantile,0.85,3,3.4676,ARI
2026,09,16,quantile,0.85,4,2.9522,ARI
2026,09,16,quantile,0.9,-1,6.6843,ARI
2026,09,16,quantile,0.9,0,5.7057,ARI
2026,09,16,quantile,0.9,1,4.8551,ARI
2026,09,16,quantile,0.9,2,4.1271,ARI
2026,09,16,quantile,0.9,3,3.5157,ARI
2026,09,16,quantile,0.9,4,3.0012,ARI
2026,09,16,quantile,0.95,-1,6.7518,ARI
2026,09,16,quantile,0.95,0,5.7773,ARI
2026,09,16,quantile,0.95,1,4.9331,ARI
2026,09,16,quantile,0.95,2,4.2008,ARI
2026,09,16,quantile,0.95,3,3.5757,ARI
2026,09,16,quantile,0.95,4,3.0502,ARI
2026,09,16,quantile,0.975,-1,6.8118,ARI
2026,09,16,quantile,0.975,0,5.8221,ARI
2026,09,16,quantile,0.975,1,4.9666,ARI
2026,09,16,quantile,0.975,2,4.2347,ARI
2026,09,16,quantile,0.975,3,3.6151,ARI
2026,09,16,quantile,0.975,4,3.0897,ARI
2026,09,16,quantile,0.99,-1,6.8666,ARI
2026,09,16,quantile,0.99,0,5.8925,ARI
2026,09,16,quantile,0.99,1,5.0433,ARI
2026,09,16,quantile,0.99,2,4.302,ARI
2026,09,16,quantile,0.99,3,3.6791,ARI
2026,09,16,quantile,0.99,4,3.1512,ARI
2026,09,17,quantile,0.01,-1,0.5584,ARI
2026,09,17,quantile,0.01,0,0.4563,ARI
2026,09,17,quantile,0.01,1,0.374,ARI
2026,09,17,quantile,0.01,2,0.3072,ARI
2026,09,17,quantile,0.01,3,0.2528,ARI
2026,09,17,quantile,0.01,4,0.2084,ARI
2026,09,17,quantile,0.025,-1,1.4896,ARI
2026,09,17,quantile,0.025,0,1.2316,ARI
2026,09,17,quantile,0.025,1,1.0215,ARI
2026,09,17,quantile,0.025,2,0.8496,ARI
2026,09,17,quantile,0.025,3,0.7085,ARI
2026,09,17,quantile,0.025,4,0.5949,ARI
2026,09,17,quantile,0.05,-1,2.7924,ARI
2026,09,17,quantile,0.05,0,2.235,ARI
2026,09,17,quantile,0.05,1,1.8055,ARI
2026,09,17,quantile,0.05,2,1.5061,ARI
2026,09,17,quantile,0.05,3,1.2653,ARI
2026,09,17,quantile,0.05,4,1.0689,ARI
2026,09,17,quantile,0.1,-1,3.8784,ARI
2026,09,17,quantile,0.1,0,3.2109,ARI
2026,09,17,quantile,0.1,1,2.6738,ARI
2026,09,17,quantile,0.1,2,2.2158,ARI
2026,09,17,quantile,0.1,3,1.8409,ARI
2026,09,17,quantile,0.1,4,1.5445,ARI
2026,09,17,quantile,0.15,-1,4.5898,ARI
2026,09,17,quantile,0.15,0,3.8154,ARI
2026,09,17,quantile,0.15,1,3.1651,ARI
2026,09,17,quantile,0.15,2,2.6452,ARI
2026,09,17,quantile,0.15,3,2.1959,ARI
2026,09,17,quantile,0.15,4,1.8424,ARI
2026,09,17,quantile,0.2,-1,5.0111,ARI
2026,09,17,quantile,0.2,0,4.136,ARI
2026,09,17,quantile,0.2,1,3.4412,ARI
2026,09,17,quantile,0.2,2,2.8713,ARI
2026,09,17,quantile,0.2,3,2.391,ARI
2026,09,17,quantile,0.2,4,1.9867,ARI
2026,09,17,quantile,0.25,-1,5.254,ARI
2026,09,17,quantile,0.25,0,4.3532,ARI
2026,09,17,quantile,0.25,1,3.6084,ARI
2026,09,17,quantile,0.25,2,3.0143,ARI
2026,09,17,quantile,0.25,3,2.5352,ARI
2026,09,17,quantile,0.25,4,2.1295,ARI
2026,09,17,quantile,0.3,-1,5.6363,ARI
2026,09,17,quantile,0.3,0,4.6826,ARI
2026,09,17,quantile,0.3,1,3.8875,ARI
2026,09,17,quantile,0.3,2,3.2594,ARI
2026,09,17,quantile,0.3,3,2.7482,ARI
2026,09,17,quantile,0.3,4,2.3188,ARI
2026,09,17,quantile,0.35,-1,5.9588,ARI
2026,09,17,quantile,0.35,0,5.0076,ARI
2026,09,17,quantile,0.35,1,4.1822,ARI
2026,09,17,quantile,0.35,2,3.4837,ARI
2026,09,17,quantile,0.35,3,2.8912,ARI
2026,09,17,quantile,0.35,4,2.4408,ARI
2026,09,17,quantile,0.4,-1,6.3236,ARI
2026,09,17,quantile,0.4,0,5.3284,ARI
2026,09,17,quantile,0.4,1,4.4512,ARI
2026,09,17,quantile,0.4,2,3.7262,ARI
2026,09,17,quantile,0.4,3,3.1343,ARI
2026,09,17,quantile,0.4,4,2.6377,ARI
2026,09,17,quantile,0.45,-1,6.6747,ARI
2026,09,17,quantile,0.45,0,5.641,ARI
2026,09,17,quantile,0.45,1,4.7594,ARI
2026,09,17,quantile,0.45,2,3.9879,ARI
2026,09,17,quantile,0.45,3,3.3226,ARI
2026,09,17,quantile,0.45,4,2.7841,ARI
2026,09,17,quantile,0.5,-1,7.1119,ARI
2026,09,17,quantile,0.5,0,5.9799,ARI
2026,09,17,quantile,0.5,1,5.0153,ARI
2026,09,17,quantile,0.5,2,4.2342,ARI
2026,09,17,quantile,0.5,3,3.5394,ARI
2026,09,17,quantile,0.5,4,2.9827,ARI
2026,09,17,quantile,0.55,-1,7.5206,ARI
2026,09,17,quantile,0.55,0,6.3152,ARI
2026,09,17,quantile,0.55,1,5.3219,ARI
2026,09,17,quantile,0.55,2,4.4633,ARI
2026,09,17,quantile,0.55,3,3.7248,ARI
2026,09,17,quantile,0.55,4,3.1506,ARI
2026,09,17,quantile,0.6,-1,7.9766,ARI
2026,09,17,quantile,0.6,0,6.7228,ARI
2026,09,17,quantile,0.6,1,5.6701,ARI
2026,09,17,quantile,0.6,2,4.7882,ARI
2026,09,17,quantile,0.6,3,4.018,ARI
2026,09,17,quantile,0.6,4,3.3976,ARI
2026,09,17,quantile,0.65,-1,8.8509,ARI
2026,09,17,quantile,0.65,0,7.4535,ARI
2026,09,17,quantile,0.65,1,6.3642,ARI
2026,09,17,quantile,0.65,2,5.4188,ARI
2026,09,17,quantile,0.65,3,4.5487,ARI
2026,09,17,quantile,0.65,4,3.8658,ARI
2026,09,17,quantile,0.7,-1,9.5065,ARI
2026,09,17,quantile,0.7,0,8.1469,ARI
2026,09,17,quantile,0.7,1,7.168,ARI
2026,09,17,quantile,0.7,2,6.1388,ARI
2026,09,17,quantile,0.7,3,5.1912,ARI
2026,09,17,quantile,0.7,4,4.4314,ARI
2026,09,17,quantile,0.75,-1,10.5753,ARI
2026,09,17,quantile,0.75,0,9.2093,ARI
2026,09,17,quantile,0.75,1,8.0353,ARI
2026,09,17,quantile,0.75,2,6.8939,ARI
2026,09,17,quantile,0.75,3,5.9209,ARI
2026,09,17,quantile,0.75,4,5.0555,ARI
2026,09,17,quantile,0.8,-1,11.5561,ARI
2026,09,17,quantile,0.8,0,10.3703,ARI
2026,09,17,quantile,0.8,1,9.194,ARI
2026,09,17,quantile,0.8,2,7.9536,ARI
2026,09,17,quantile,0.8,3,6.825,ARI
2026,09,17,quantile,0.8,4,5.8719,ARI
2026,09,17,quantile,0.85,-1,13.2485,ARI
2026,09,17,quantile,0.85,0,11.9263,ARI
2026,09,17,quantile,0.85,1,10.7243,ARI
2026,09,17,quantile,0.85,2,9.5246,ARI
2026,09,17,quantile,0.85,3,8.1856,ARI
2026,09,17,quantile,0.85,4,6.9887,ARI
2026,09,17,quantile,0.9,-1,14.8996,ARI
2026,09,17,quantile,0.9,0,14.3871,ARI
2026,09,17,quantile,0.9,1,12.906,ARI
2026,09,17,quantile,0.9,2,11.4925,ARI
2026,09,17,quantile,0.9,3,10.1622,ARI
2026,09,17,quantile,0.9,4,8.7762,ARI
2026,09,17,quantile,0.95,-1,16.5715,ARI
2026,09,17,quantile,0.95,0,16.3944,ARI
2026,09,17,quantile,0.95,1,16.167,ARI
2026,09,17,quantile,0.95,2,15.3669,ARI
2026,09,17,quantile,0.95,3,13.735,ARI
2026,09,17,quantile,0.95,4,11.899,ARI
2026,09,17,quantile,0.975,-1,17.6458,ARI
2026,09,17,quantile,0.975,0,17.6309,ARI
2026,09,17,quantile,0.975,1,17.0929,ARI
2026,09,17,quantile,0.975,2,16.3006,ARI
2026,09,17,quantile,0.975,3,15.3715,ARI
2026,09,17,quantile,0.975,4,13.8572,ARI
2026,09,17,quantile,0.99,-1,18.429,ARI
2026,09,17,quantile,0.99,0,18.3159,ARI
2026,09,17,quantile,0.99,1,18.4964,ARI
2026,09,17,quantile,0.99,2,18.4056,ARI
2026,09,17,quantile,0.99,3,17.4329,ARI
2026,09,17,quantile,0.99,4,15.6503,ARI
2026,09,18,quantile,0.01,-1,0.8463,ARI
2026,09,18,quantile,0.01,0,0.7118,ARI
2026,09,18,quantile,0.01,1,0.6009,ARI
2026,09,18,quantile,0.01,2,0.509,ARI
2026,09,18,quantile,0.01,3,0.4324,ARI
2026,09,18,quantile,0.01,4,0.3686,ARI
2026,09,18,quantile,0.025,-1,1.6872,ARI
2026,09,18,quantile,0.025,0,1.3797,ARI
2026,09,18,quantile,0.025,1,1.1359,ARI
2026,09,18,quantile,0.025,2,0.9409,ARI
2026,09,18,quantile,0.025,3,0.7877,ARI
2026,09,18,quantile,0.025,4,0.6727,ARI
2026,09,18,quantile,0.05,-1,3.1286,ARI
2026,09,18,quantile,0.05,0,2.6077,ARI
2026,09,18,quantile,0.05,1,2.176,ARI
2026,09,18,quantile,0.05,2,1.8214,ARI
2026,09,18,quantile,0.05,3,1.5306,ARI
2026,09,18,quantile,0.05,4,1.2909,ARI
2026,09,18,quantile,0.1,-1,3.9523,ARI
2026,09,18,quantile,0.1,0,3.2845,ARI
2026,09,18,quantile,0.1,1,2.759,ARI
2026,09,18,quantile,0.1,2,2.2968,ARI
2026,09,18,quantile,0.1,3,1.9606,ARI
2026,09,18,quantile,0.1,4,1.6764,ARI
2026,09,18,quantile,0.15,-1,4.6523,ARI
2026,09,18,quantile,0.15,0,3.8755,ARI
2026,09,18,quantile,0.15,1,3.2182,ARI
2026,09,18,quantile,0.15,2,2.686,ARI
2026,09,18,quantile,0.15,3,2.2334,ARI
2026,09,18,quantile,0.15,4,1.8844,ARI
2026,09,18,quantile,0.2,-1,5.1292,ARI
2026,09,18,quantile,0.2,0,4.2822,ARI
2026,09,18,quantile,0.2,1,3.5927,ARI
2026,09,18,quantile,0.2,2,3.0086,ARI
2026,09,18,quantile,0.2,3,2.5412,ARI
2026,09,18,quantile,0.2,4,2.1283,ARI
2026,09,18,quantile,0.25,-1,5.5142,ARI
2026,09,18,quantile,0.25,0,4.6146,ARI
2026,09,18,quantile,0.25,1,3.9156,ARI
2026,09,18,quantile,0.25,2,3.2504,ARI
2026,09,18,quantile,0.25,3,2.7553,ARI
2026,09,18,quantile,0.25,4,2.3163,ARI
2026,09,18,quantile,0.3,-1,5.9594,ARI
2026,09,18,quantile,0.3,0,4.9216,ARI
2026,09,18,quantile,0.3,1,4.1088,ARI
2026,09,18,quantile,0.3,2,3.4623,ARI
2026,09,18,quantile,0.3,3,2.9222,ARI
2026,09,18,quantile,0.3,4,2.4527,ARI
2026,09,18,quantile,0.35,-1,6.4252,ARI
2026,09,18,quantile,0.35,0,5.3542,ARI
2026,09,18,quantile,0.35,1,4.4605,ARI
2026,09,18,quantile,0.35,2,3.7112,ARI
2026,09,18,quantile,0.35,3,3.09,ARI
2026,09,18,quantile,0.35,4,2.5901,ARI
2026,09,18,quantile,0.4,-1,6.9547,ARI
2026,09,18,quantile,0.4,0,5.8353,ARI
2026,09,18,quantile,0.4,1,4.8353,ARI
2026,09,18,quantile,0.4,2,4.0396,ARI
2026,09,18,quantile,0.4,3,3.4185,ARI
2026,09,18,quantile,0.4,4,2.8861,ARI
2026,09,18,quantile,0.45,-1,7.3632,ARI
2026,09,18,quantile,0.45,0,6.2516,ARI
2026,09,18,quantile,0.45,1,5.279,ARI
2026,09,18,quantile,0.45,2,4.406,ARI
2026,09,18,quantile,0.45,3,3.6895,ARI
2026,09,18,quantile,0.45,4,3.1021,ARI
2026,09,18,quantile,0.5,-1,7.7354,ARI
2026,09,18,quantile,0.5,0,6.5118,ARI
2026,09,18,quantile,0.5,1,5.4701,ARI
2026,09,18,quantile,0.5,2,4.5994,ARI
2026,09,18,quantile,0.5,3,3.8726,ARI
2026,09,18,quantile,0.5,4,3.2653,ARI
2026,09,18,quantile,0.55,-1,8.1235,ARI
2026,09,18,quantile,0.55,0,6.9329,ARI
2026,09,18,quantile,0.55,1,5.8493,ARI
2026,09,18,quantile,0.55,2,4.94,ARI
2026,09,18,quantile,0.55,3,4.1331,ARI
2026,09,18,quantile,0.55,4,3.4568,ARI
2026,09,18,quantile,0.6,-1,8.6663,ARI
2026,09,18,quantile,0.6,0,7.3513,ARI
2026,09,18,quantile,0.6,1,6.2033,ARI
2026,09,18,quantile,0.6,2,5.1806,ARI
2026,09,18,quantile,0.6,3,4.435,ARI
2026,09,18,quantile,0.6,4,3.7575,ARI
2026,09,18,quantile,0.65,-1,9.232,ARI
2026,09,18,quantile,0.65,0,7.7918,ARI
2026,09,18,quantile,0.65,1,6.6294,ARI
2026,09,18,quantile,0.65,2,5.6024,ARI
2026,09,18,quantile,0.65,3,4.7234,ARI
2026,09,18,quantile,0.65,4,3.9964,ARI
2026,09,18,quantile,0.7,-1,9.9737,ARI
2026,09,18,quantile,0.7,0,8.5952,ARI
2026,09,18,quantile,0.7,1,7.3073,ARI
2026,09,18,quantile,0.7,2,6.184,ARI
2026,09,18,quantile,0.7,3,5.2739,ARI
2026,09,18,quantile,0.7,4,4.5505,ARI
2026,09,18,quantile,0.75,-1,11.0211,ARI
2026,09,18,quantile,0.75,0,9.6088,ARI
2026,09,18,quantile,0.75,1,8.2825,ARI
2026,09,18,quantile,0.75,2,7.0614,ARI
2026,09,18,quantile,0.75,3,5.9737,ARI
2026,09,18,quantile,0.75,4,5.1032,ARI
2026,09,18,quantile,0.8,-1,11.9286,ARI
2026,09,18,quantile,0.8,0,10.5288,ARI
2026,09,18,quantile,0.8,1,9.1135,ARI
2026,09,18,quantile,0.8,2,7.8321,ARI
2026,09,18,quantile,0.8,3,6.622,ARI
2026,09,18,quantile,0.8,4,5.6067,ARI
2026,09,18,quantile,0.85,-1,13.2397,ARI
2026,09,18,quantile,0.85,0,11.657,ARI
2026,09,18,quantile,0.85,1,10.2125,ARI
2026,09,18,quantile,0.85,2,8.636,ARI
2026,09,18,quantile,0.85,3,7.4495,ARI
2026,09,18,quantile,0.85,4,6.4126,ARI
2026,09,18,quantile,0.9,-1,14.6642,ARI
2026,09,18,quantile,0.9,0,13.8784,ARI
2026,09,18,quantile,0.9,1,12.2965,ARI
2026,09,18,quantile,0.9,2,10.6535,ARI
2026,09,18,quantile,0.9,3,9.0603,ARI
2026,09,18,quantile,0.9,4,7.7632,ARI
2026,09,18,quantile,0.95,-1,16.9355,ARI
2026,09,18,quantile,0.95,0,16.472,ARI
2026,09,18,quantile,0.95,1,15.4933,ARI
2026,09,18,quantile,0.95,2,14.1659,ARI
2026,09,18,quantile,0.95,3,12.4508,ARI
2026,09,18,quantile,0.95,4,10.8609,ARI
2026,09,18,quantile,0.975,-1,17.451,ARI
2026,09,18,quantile,0.975,0,17.2386,ARI
2026,09,18,quantile,0.975,1,16.705,ARI
2026,09,18,quantile,0.975,2,15.7087,ARI
2026,09,18,quantile,0.975,3,14.5625,ARI
2026,09,18,quantile,0.975,4,12.9713,ARI
2026,09,18,quantile,0.99,-1,18.5427,ARI
2026,09,18,quantile,0.99,0,18.968,ARI
2026,09,18,quantile,0.99,1,18.5737,ARI
2026,09,18,quantile,0.99,2,18.0007,ARI
2026,09,18,quantile,0.99,3,16.4428,ARI
2026,09,18,quantile,0.99,4,15.2574,ARI
2026,09,19,quantile,0.01,-1,1.2538,ARI
2026,09,19,quantile,0.01,0,1.0541,ARI
2026,09,19,quantile,0.01,1,0.8906,ARI
2026,09,19,quantile,0.01,2,0.7552,ARI
2026,09,19,quantile,0.01,3,0.643,ARI
2026,09,19,quantile,0.01,4,0.5485,ARI
2026,09,19,quantile,0.025,-1,2.3963,ARI
2026,09,19,quantile,0.025,0,1.9471,ARI
2026,09,19,quantile,0.025,1,1.5938,ARI
2026,09,19,quantile,0.025,2,1.3125,ARI
2026,09,19,quantile,0.025,3,1.0879,ARI
2026,09,19,quantile,0.025,4,0.9107,ARI
2026,09,19,quantile,0.05,-1,3.0658,ARI
2026,09,19,quantile,0.05,0,2.5,ARI
2026,09,19,quantile,0.05,1,2.0493,ARI
2026,09,19,quantile,0.05,2,1.7066,ARI
2026,09,19,quantile,0.05,3,1.4232,ARI
2026,09,19,quantile,0.05,4,1.1968,ARI
2026,09,19,quantile,0.1,-1,4.1094,ARI
2026,09,19,quantile,0.1,0,3.427,ARI
2026,09,19,quantile,0.1,1,2.8699,ARI
2026,09,19,quantile,0.1,2,2.4035,ARI
2026,09,19,quantile,0.1,3,2.0166,ARI
2026,09,19,quantile,0.1,4,1.6901,ARI
2026,09,19,quantile,0.15,-1,4.9456,ARI
2026,09,19,quantile,0.15,0,4.1097,ARI
2026,09,19,quantile,0.15,1,3.4718,ARI
2026,09,19,quantile,0.15,2,2.8971,ARI
2026,09,19,quantile,0.15,3,2.4594,ARI
2026,09,19,quantile,0.15,4,2.0536,ARI
2026,09,19,quantile,0.2,-1,5.592,ARI
2026,09,19,quantile,0.2,0,4.6571,ARI
2026,09,19,quantile,0.2,1,3.8545,ARI
2026,09,19,quantile,0.2,2,3.2216,ARI
2026,09,19,quantile,0.2,3,2.6919,ARI
2026,09,19,quantile,0.2,4,2.2627,ARI
2026,09,19,quantile,0.25,-1,6.0801,ARI
2026,09,19,quantile,0.25,0,5.1118,ARI
2026,09,19,quantile,0.25,1,4.2547,ARI
2026,09,19,quantile,0.25,2,3.6081,ARI
2026,09,19,quantile,0.25,3,2.979,ARI
2026,09,19,quantile,0.25,4,2.5029,ARI
2026,09,19,quantile,0.3,-1,6.7969,ARI
2026,09,19,quantile,0.3,0,5.6584,ARI
2026,09,19,quantile,0.3,1,4.7467,ARI
2026,09,19,quantile,0.3,2,3.9603,ARI
2026,09,19,quantile,0.3,3,3.3283,ARI
2026,09,19,quantile,0.3,4,2.7703,ARI
2026,09,19,quantile,0.35,-1,7.19,ARI
2026,09,19,quantile,0.35,0,6.1497,ARI
2026,09,19,quantile,0.35,1,5.1766,ARI
2026,09,19,quantile,0.35,2,4.3975,ARI
2026,09,19,quantile,0.35,3,3.6636,ARI
2026,09,19,quantile,0.35,4,3.0669,ARI
2026,09,19,quantile,0.4,-1,7.7183,ARI
2026,09,19,quantile,0.4,0,6.6144,ARI
2026,09,19,quantile,0.4,1,5.5709,ARI
2026,09,19,quantile,0.4,2,4.6814,ARI
2026,09,19,quantile,0.4,3,3.8701,ARI
2026,09,19,quantile,0.4,4,3.2905,ARI
2026,09,19,quantile,0.45,-1,8.3974,ARI
2026,09,19,quantile,0.45,0,7.106,ARI
2026,09,19,quantile,0.45,1,6.0979,ARI
2026,09,19,quantile,0.45,2,5.1216,ARI
2026,09,19,quantile,0.45,3,4.2618,ARI
2026,09,19,quantile,0.45,4,3.5872,ARI
2026,09,19,quantile,0.5,-1,8.9397,ARI
2026,09,19,quantile,0.5,0,7.528,ARI
2026,09,19,quantile,0.5,1,6.355,ARI
2026,09,19,quantile,0.5,2,5.3514,ARI
2026,09,19,quantile,0.5,3,4.5609,ARI
2026,09,19,quantile,0.5,4,3.8545,ARI
2026,09,19,quantile,0.55,-1,9.2392,ARI
2026,09,19,quantile,0.55,0,7.872,ARI
2026,09,19,quantile,0.55,1,6.6835,ARI
2026,09,19,quantile,0.55,2,5.6567,ARI
2026,09,19,quantile,0.55,3,4.7793,ARI
2026,09,19,quantile,0.55,4,4.064,ARI
2026,09,19,quantile,0.6,-1,9.6038,ARI
2026,09,19,quantile,0.6,0,8.2743,ARI
2026,09,19,quantile,0.6,1,7.0941,ARI
2026,09,19,quantile,0.6,2,6.0609,ARI
2026,09,19,quantile,0.6,3,5.049,ARI
2026,09,19,quantile,0.6,4,4.2527,ARI
2026,09,19,quantile,0.65,-1,10.3908,ARI
2026,09,19,quantile,0.65,0,8.9239,ARI
2026,09,19,quantile,0.65,1,7.6187,ARI
2026,09,19,quantile,0.65,2,6.4563,ARI
2026,09,19,quantile,0.65,3,5.4482,ARI
2026,09,19,quantile,0.65,4,4.5762,ARI
2026,09,19,quantile,0.7,-1,11.0773,ARI
2026,09,19,quantile,0.7,0,9.6239,ARI
2026,09,19,quantile,0.7,1,8.1483,ARI
2026,09,19,quantile,0.7,2,6.9901,ARI
2026,09,19,quantile,0.7,3,5.8953,ARI
2026,09,19,quantile,0.7,4,5.0343,ARI
2026,09,19,quantile,0.75,-1,11.7999,ARI
2026,09,19,quantile,0.75,0,10.4565,ARI
2026,09,19,quantile,0.75,1,8.9046,ARI
2026,09,19,quantile,0.75,2,7.6841,ARI
2026,09,19,quantile,0.75,3,6.546,ARI
2026,09,19,quantile,0.75,4,5.5578,ARI
2026,09,19,quantile,0.8,-1,12.6809,ARI
2026,09,19,quantile,0.8,0,11.2101,ARI
2026,09,19,quantile,0.8,1,9.6524,ARI
2026,09,19,quantile,0.8,2,8.3509,ARI
2026,09,19,quantile,0.8,3,7.0308,ARI
2026,09,19,quantile,0.8,4,5.9726,ARI
2026,09,19,quantile,0.85,-1,13.4968,ARI
2026,09,19,quantile,0.85,0,12.069,ARI
2026,09,19,quantile,0.85,1,10.4925,ARI
2026,09,19,quantile,0.85,2,9.0493,ARI
2026,09,19,quantile,0.85,3,7.7605,ARI
2026,09,19,quantile,0.85,4,6.7161,ARI
2026,09,19,quantile,0.9,-1,14.2501,ARI
2026,09,19,quantile,0.9,0,12.9828,ARI
2026,09,19,quantile,0.9,1,11.5471,ARI
2026,09,19,quantile,0.9,2,10.2315,ARI
2026,09,19,quantile,0.9,3,9.0315,ARI
2026,09,19,quantile,0.9,4,7.8629,ARI
2026,09,19,quantile,0.95,-1,15.9032,ARI
2026,09,19,quantile,0.95,0,15.0245,ARI
2026,09,19,quantile,0.95,1,13.4404,ARI
2026,09,19,quantile,0.95,2,12.0808,ARI
2026,09,19,quantile,0.95,3,10.6603,ARI
2026,09,19,quantile,0.95,4,9.4419,ARI
2026,09,19,quantile,0.975,-1,16.3303,ARI
2026,09,19,quantile,0.975,0,16.0765,ARI
2026,09,19,quantile,0.975,1,15.4111,ARI
2026,09,19,quantile,0.975,2,14.157,ARI
2026,09,19,quantile,0.975,3,12.7914,ARI
2026,09,19,quantile,0.975,4,11.1911,ARI
2026,09,19,quantile,0.99,-1,17.5296,ARI
2026,09,19,quantile,0.99,0,16.9276,ARI
2026,09,19,quantile,0.99,1,16.3272,ARI
2026,09,19,quantile,0.99,2,15.4713,ARI
2026,09,19,quantile,0.99,3,14.4803,ARI
2026,09,19,quantile,0.99,4,13.1328,ARI
2026,09,20,quantile,0.01,-1,1.3154,ARI
2026,09,20,quantile,0.01,0,1.0883,ARI
2026,09,20,quantile,0.01,1,0.9176,ARI
2026,09,20,quantile,0.01,2,0.7794,ARI
2026,09,20,quantile,0.01,3,0.6496,ARI
2026,09,20,quantile,0.01,4,0.544,ARI
2026,09,20,quantile,0.025,-1,2.3227,ARI
2026,09,20,quantile,0.025,0,1.9644,ARI
2026,09,20,quantile,0.025,1,1.6712,ARI
2026,09,20,quantile,0.025,2,1.4032,ARI
2026,09,20,quantile,0.025,3,1.1918,ARI
2026,09,20,quantile,0.025,4,0.9973,ARI
2026,09,20,quantile,0.05,-1,3.1727,ARI
2026,09,20,quantile,0.05,0,2.6131,ARI
2026,09,20,quantile,0.05,1,2.1591,ARI
2026,09,20,quantile,0.05,2,1.7944,ARI
2026,09,20,quantile,0.05,3,1.5098,ARI
2026,09,20,quantile,0.05,4,1.282,ARI
2026,09,20,quantile,0.1,-1,4.2873,ARI
2026,09,20,quantile,0.1,0,3.5889,ARI
2026,09,20,quantile,0.1,1,2.9887,ARI
2026,09,20,quantile,0.1,2,2.5087,ARI
2026,09,20,quantile,0.1,3,2.1173,ARI
2026,09,20,quantile,0.1,4,1.8022,ARI
2026,09,20,quantile,0.15,-1,5.0049,ARI
2026,09,20,quantile,0.15,0,4.1221,ARI
2026,09,20,quantile,0.15,1,3.3655,ARI
2026,09,20,quantile,0.15,2,2.8413,ARI
2026,09,20,quantile,0.15,3,2.3678,ARI
2026,09,20,quantile,0.15,4,1.9699,ARI
2026,09,20,quantile,0.2,-1,5.7435,ARI
2026,09,20,quantile,0.2,0,4.8047,ARI
2026,09,20,quantile,0.2,1,4.0364,ARI
2026,09,20,quantile,0.2,2,3.3785,ARI
2026,09,20,quantile,0.2,3,2.7824,ARI
2026,09,20,quantile,0.2,4,2.2984,ARI
2026,09,20,quantile,0.25,-1,6.2678,ARI
2026,09,20,quantile,0.25,0,5.2526,ARI
2026,09,20,quantile,0.25,1,4.3612,ARI
2026,09,20,quantile,0.25,2,3.6608,ARI
2026,09,20,quantile,0.25,3,3.0659,ARI
2026,09,20,quantile,0.25,4,2.54,ARI
2026,09,20,quantile,0.3,-1,6.6426,ARI
2026,09,20,quantile,0.3,0,5.6298,ARI
2026,09,20,quantile,0.3,1,4.7218,ARI
2026,09,20,quantile,0.3,2,4.0104,ARI
2026,09,20,quantile,0.3,3,3.3379,ARI
2026,09,20,quantile,0.3,4,2.8182,ARI
2026,09,20,quantile,0.35,-1,7.06,ARI
2026,09,20,quantile,0.35,0,5.9855,ARI
2026,09,20,quantile,0.35,1,5.024,ARI
2026,09,20,quantile,0.35,2,4.2447,ARI
2026,09,20,quantile,0.35,3,3.5702,ARI
2026,09,20,quantile,0.35,4,3.0131,ARI
2026,09,20,quantile,0.4,-1,7.873,ARI
2026,09,20,quantile,0.4,0,6.749,ARI
2026,09,20,quantile,0.4,1,5.7045,ARI
2026,09,20,quantile,0.4,2,4.8826,ARI
2026,09,20,quantile,0.4,3,4.0705,ARI
2026,09,20,quantile,0.4,4,3.4419,ARI
2026,09,20,quantile,0.45,-1,8.9661,ARI
2026,09,20,quantile,0.45,0,7.5989,ARI
2026,09,20,quantile,0.45,1,6.4408,ARI
2026,09,20,quantile,0.45,2,5.426,ARI
2026,09,20,quantile,0.45,3,4.5606,ARI
2026,09,20,quantile,0.45,4,3.7972,ARI
2026,09,20,quantile,0.5,-1,9.3966,ARI
2026,09,20,quantile,0.5,0,8.1377,ARI
2026,09,20,quantile,0.5,1,6.8667,ARI
2026,09,20,quantile,0.5,2,5.7784,ARI
2026,09,20,quantile,0.5,3,4.8323,ARI
2026,09,20,quantile,0.5,4,4.077,ARI
2026,09,20,quantile,0.55,-1,10.0439,ARI
2026,09,20,quantile,0.55,0,8.6413,ARI
2026,09,20,quantile,0.55,1,7.2229,ARI
2026,09,20,quantile,0.55,2,6.1715,ARI
2026,09,20,quantile,0.55,3,5.2457,ARI
2026,09,20,quantile,0.55,4,4.4299,ARI
2026,09,20,quantile,0.6,-1,10.5791,ARI
2026,09,20,quantile,0.6,0,9.2975,ARI
2026,09,20,quantile,0.6,1,7.9704,ARI
2026,09,20,quantile,0.6,2,6.7278,ARI
2026,09,20,quantile,0.6,3,5.763,ARI
2026,09,20,quantile,0.6,4,4.8372,ARI
2026,09,20,quantile,0.65,-1,11.2633,ARI
2026,09,20,quantile,0.65,0,9.8652,ARI
2026,09,20,quantile,0.65,1,8.5548,ARI
2026,09,20,quantile,0.65,2,7.2367,ARI
2026,09,20,quantile,0.65,3,6.1321,ARI
2026,09,20,quantile,0.65,4,5.225,ARI
2026,09,20,quantile,0.7,-1,12.0223,ARI
2026,09,20,quantile,0.7,0,10.4004,ARI
2026,09,20,quantile,0.7,1,8.9312,ARI
2026,09,20,quantile,0.7,2,7.769,ARI
2026,09,20,quantile,0.7,3,6.6296,ARI
2026,09,20,quantile,0.7,4,5.6087,ARI
2026,09,20,quantile,0.75,-1,12.5213,ARI
2026,09,20,quantile,0.75,0,11.1508,ARI
2026,09,20,quantile,0.75,1,9.7722,ARI
2026,09,20,quantile,0.75,2,8.4037,ARI
2026,09,20,quantile,0.75,3,7.1226,ARI
2026,09,20,quantile,0.75,4,6.0708,ARI
2026,09,20,quantile,0.8,-1,13.1779,ARI
2026,09,20,quantile,0.8,0,11.8964,ARI
2026,09,20,quantile,0.8,1,10.5644,ARI
2026,09,20,quantile,0.8,2,9.2211,ARI
2026,09,20,quantile,0.8,3,7.9396,ARI
2026,09,20,quantile,0.8,4,6.7425,ARI
2026,09,20,quantile,0.85,-1,14.2025,ARI
2026,09,20,quantile,0.85,0,12.858,ARI
2026,09,20,quantile,0.85,1,11.4294,ARI
2026,09,20,quantile,0.85,2,9.8493,ARI
2026,09,20,quantile,0.85,3,8.5052,ARI
2026,09,20,quantile,0.85,4,7.4442,ARI
2026,09,20,quantile,0.9,-1,14.9728,ARI
2026,09,20,quantile,0.9,0,13.8009,ARI
2026,09,20,quantile,0.9,1,12.4413,ARI
2026,09,20,quantile,0.9,2,10.8787,ARI
2026,09,20,quantile,0.9,3,9.5517,ARI
2026,09,20,quantile,0.9,4,8.1954,ARI
2026,09,20,quantile,0.95,-1,16.0054,ARI
2026,09,20,quantile,0.95,0,15.106,ARI
2026,09,20,quantile,0.95,1,14.0713,ARI
2026,09,20,quantile,0.95,2,12.7041,ARI
2026,09,20,quantile,0.95,3,11.2523,ARI
2026,09,20,quantile,0.95,4,10.1113,ARI
2026,09,20,quantile,0.975,-1,17.1089,ARI
2026,09,20,quantile,0.975,0,16.3396,ARI
2026,09,20,quantile,0.975,1,15.7908,ARI
2026,09,20,quantile,0.975,2,14.6487,ARI
2026,09,20,quantile,0.975,3,13.4752,ARI
2026,09,20,quantile,0.975,4,11.8543,ARI
2026,09,20,quantile,0.99,-1,18.5428,ARI
2026,09,20,quantile,0.99,0,17.7917,ARI
2026,09,20,quantile,0.99,1,17.072,ARI
2026,09,20,quantile,0.99,2,16.3339,ARI
2026,09,20,quantile,0.99,3,16.0504,ARI
2026,09,20,quantile,0.99,4,14.3268,ARI
2026,09,21,quantile,0.01,-1,1.5993,ARI
2026,09,21,quantile,0.01,0,1.3288,ARI
2026,09,21,quantile,0.01,1,1.1091,ARI
2026,09,21,quantile,0.01,2,0.9294,ARI
2026,09,21,quantile,0.01,3,0.7817,ARI
2026,09,21,quantile,0.01,4,0.6597,ARI
2026,09,21,quantile,0.025,-1,2.2291,ARI
2026,09,21,quantile,0.025,0,1.8622,ARI
2026,09,21,quantile,0.025,1,1.5618,ARI
2026,09,21,quantile,0.025,2,1.3144,ARI
2026,09,21,quantile,0.025,3,1.1101,ARI
2026,09,21,quantile,0.025,4,0.9404,ARI
2026,09,21,quantile,0.05,-1,3.5573,ARI
2026,09,21,quantile,0.05,0,2.9246,ARI
2026,09,21,quantile,0.05,1,2.4376,ARI
2026,09,21,quantile,0.05,2,2.0434,ARI
2026,09,21,quantile,0.05,3,1.7412,ARI
2026,09,21,quantile,0.05,4,1.4935,ARI
2026,09,21,quantile,0.1,-1,4.4715,ARI
2026,09,21,quantile,0.1,0,3.6916,ARI
2026,09,21,quantile,0.1,1,3.0186,ARI
2026,09,21,quantile,0.1,2,2.5382,ARI
2026,09,21,quantile,0.1,3,2.1221,ARI
2026,09,21,quantile,0.1,4,1.7736,ARI
2026,09,21,quantile,0.15,-1,4.9033,ARI
2026,09,21,quantile,0.15,0,4.0945,ARI
2026,09,21,quantile,0.15,1,3.4285,ARI
2026,09,21,quantile,0.15,2,2.8717,ARI
2026,09,21,quantile,0.15,3,2.3945,ARI
2026,09,21,quantile,0.15,4,2.001,ARI
2026,09,21,quantile,0.2,-1,5.2535,ARI
2026,09,21,quantile,0.2,0,4.4078,ARI
2026,09,21,quantile,0.2,1,3.6817,ARI
2026,09,21,quantile,0.2,2,3.0611,ARI
2026,09,21,quantile,0.2,3,2.5639,ARI
2026,09,21,quantile,0.2,4,2.1417,ARI
2026,09,21,quantile,0.25,-1,5.5755,ARI
2026,09,21,quantile,0.25,0,4.6463,ARI
2026,09,21,quantile,0.25,1,3.9187,ARI
2026,09,21,quantile,0.25,2,3.2793,ARI
2026,09,21,quantile,0.25,3,2.7537,ARI
2026,09,21,quantile,0.25,4,2.3238,ARI
2026,09,21,quantile,0.3,-1,5.9067,ARI
2026,09,21,quantile,0.3,0,4.9528,ARI
2026,09,21,quantile,0.3,1,4.1682,ARI
2026,09,21,quantile,0.3,2,3.5264,ARI
2026,09,21,quantile,0.3,3,2.9623,ARI
2026,09,21,quantile,0.3,4,2.5096,ARI
2026,09,21,quantile,0.35,-1,6.3184,ARI
2026,09,21,quantile,0.35,0,5.2841,ARI
2026,09,21,quantile,0.35,1,4.4283,ARI
2026,09,21,quantile,0.35,2,3.7202,ARI
2026,09,21,quantile,0.35,3,3.1141,ARI
2026,09,21,quantile,0.35,4,2.6139,ARI
2026,09,21,quantile,0.4,-1,6.6581,ARI
2026,09,21,quantile,0.4,0,5.6153,ARI
2026,09,21,quantile,0.4,1,4.6864,ARI
2026,09,21,quantile,0.4,2,3.9181,ARI
2026,09,21,quantile,0.4,3,3.2599,ARI
2026,09,21,quantile,0.4,4,2.7437,ARI
2026,09,21,quantile,0.45,-1,7.1083,ARI
2026,09,21,quantile,0.45,0,5.9133,ARI
2026,09,21,quantile,0.45,1,5.0453,ARI
2026,09,21,quantile,0.45,2,4.2468,ARI
2026,09,21,quantile,0.45,3,3.5104,ARI
2026,09,21,quantile,0.45,4,2.9644,ARI
2026,09,21,quantile,0.5,-1,7.5846,ARI
2026,09,21,quantile,0.5,0,6.3692,ARI
2026,09,21,quantile,0.5,1,5.3111,ARI
2026,09,21,quantile,0.5,2,4.4703,ARI
2026,09,21,quantile,0.5,3,3.7446,ARI
2026,09,21,quantile,0.5,4,3.1877,ARI
2026,09,21,quantile,0.55,-1,7.8767,ARI
2026,09,21,quantile,0.55,0,6.6671,ARI
2026,09,21,quantile,0.55,1,5.6281,ARI
2026,09,21,quantile,0.55,2,4.7454,ARI
2026,09,21,quantile,0.55,3,3.9926,ARI
2026,09,21,quantile,0.55,4,3.3552,ARI
2026,09,21,quantile,0.6,-1,8.3624,ARI
2026,09,21,quantile,0.6,0,7.0172,ARI
2026,09,21,quantile,0.6,1,5.9556,ARI
2026,09,21,quantile,0.6,2,5.0292,ARI
2026,09,21,quantile,0.6,3,4.2305,ARI
2026,09,21,quantile,0.6,4,3.5357,ARI
2026,09,21,quantile,0.65,-1,8.9954,ARI
2026,09,21,quantile,0.65,0,7.689,ARI
2026,09,21,quantile,0.65,1,6.4505,ARI
2026,09,21,quantile,0.65,2,5.4391,ARI
2026,09,21,quantile,0.65,3,4.5661,ARI
2026,09,21,quantile,0.65,4,3.9157,ARI
2026,09,21,quantile,0.7,-1,9.7628,ARI
2026,09,21,quantile,0.7,0,8.3903,ARI
2026,09,21,quantile,0.7,1,7.1842,ARI
2026,09,21,quantile,0.7,2,6.0557,ARI
2026,09,21,quantile,0.7,3,5.0621,ARI
2026,09,21,quantile,0.7,4,4.3284,ARI
2026,09,21,quantile,0.75,-1,10.4751,ARI
2026,09,21,quantile,0.75,0,9.0703,ARI
2026,09,21,quantile,0.75,1,7.8356,ARI
2026,09,21,quantile,0.75,2,6.7011,ARI
2026,09,21,quantile,0.75,3,5.6866,ARI
2026,09,21,quantile,0.75,4,4.861,ARI
2026,09,21,quantile,0.8,-1,11.2958,ARI
2026,09,21,quantile,0.8,0,9.8652,ARI
2026,09,21,quantile,0.8,1,8.5586,ARI
2026,09,21,quantile,0.8,2,7.4506,ARI
2026,09,21,quantile,0.8,3,6.3987,ARI
2026,09,21,quantile,0.8,4,5.4958,ARI
2026,09,21,quantile,0.85,-1,13.1204,ARI
2026,09,21,quantile,0.85,0,11.845,ARI
2026,09,21,quantile,0.85,1,10.2519,ARI
2026,09,21,quantile,0.85,2,8.8797,ARI
2026,09,21,quantile,0.85,3,7.6354,ARI
2026,09,21,quantile,0.85,4,6.5273,ARI
2026,09,21,quantile,0.9,-1,14.8036,ARI
2026,09,21,quantile,0.9,0,13.4445,ARI
2026,09,21,quantile,0.9,1,12.0594,ARI
2026,09,21,quantile,0.9,2,10.6294,ARI
2026,09,21,quantile,0.9,3,9.452,ARI
2026,09,21,quantile,0.9,4,8.2107,ARI
2026,09,21,quantile,0.95,-1,16.5617,ARI
2026,09,21,quantile,0.95,0,15.9506,ARI
2026,09,21,quantile,0.95,1,14.8353,ARI
2026,09,21,quantile,0.95,2,14.1395,ARI
2026,09,21,quantile,0.95,3,12.4906,ARI
2026,09,21,quantile,0.95,4,10.4938,ARI
2026,09,21,quantile,0.975,-1,17.8253,ARI
2026,09,21,quantile,0.975,0,17.3497,ARI
2026,09,21,quantile,0.975,1,16.6024,ARI
2026,09,21,quantile,0.975,2,15.2913,ARI
2026,09,21,quantile,0.975,3,14.0543,ARI
2026,09,21,quantile,0.975,4,12.6951,ARI
2026,09,21,quantile,0.99,-1,19.31,ARI
2026,09,21,quantile,0.99,0,19.216,ARI
2026,09,21,quantile,0.99,1,18.3742,ARI
2026,09,21,quantile,0.99,2,17.4532,ARI
2026,09,21,quantile,0.99,3,16.8064,ARI
2026,09,21,quantile,0.99,4,15.288,ARI
